,PLAYER,MINS-PLAYED,SHOTS,SOT,GOALS,XG,CHANCES-CREATED,ASSISTS,XA,PASSES,PASS-%,TACKLES-WON,INT,REC,SHOT-ENDING,GOAL-ENDING,CHANCE-CREATING,ASSIST,TOTAL,ATTEMPTS,WIN-%
0,AARON MOOY,360,1,0,0,0.05,0,0,0.07,204,81,6,3,35,0,0,0,0,0,4,50
1,AARON RAMSEY,267,1,0,0,0.04,1,0,0.06,98,80,0,0,19,0,0,1,0,1,8,25
2,ABDELHAMID SABIRI,178,3,0,0,0.16,2,0,0.01,55,76,1,5,7,0,0,0,0,0,3,0
3,ABDELKARIM HASSAN,270,6,0,0,0.30,1,0,0.05,142,77,3,1,11,2,0,0,0,2,5,20
4,ABDERRAZAK HAMDALLAH,64,2,2,0,0.39,0,0,0.02,14,50,0,0,4,0,0,0,0,0,3,66
5,ABDESSAMAD EZZALZOULI,91,1,0,0,0.06,2,0,0.38,11,82,2,0,4,0,0,1,0,1,3,33
6,ABDOU DIALLO,332,1,0,0,0.03,1,0,0.05,162,78,2,1,17,0,0,0,0,0,1,0
7,ABDUL RAHMAN BABA,182,0,0,0,0.00,3,0,0.08,67,69,3,1,6,0,0,0,0,0,5,20
8,ABDULAZIZ HATEM,196,1,1,0,0.02,0,0,0.02,84,80,1,1,4,1,0,0,0,1,1,100
9,ABDULELAH AL AMRI,182,1,0,0,0.07,0,0,0.03,98,72,0,4,15,0,0,0,0,0,0,0
10,ABDULELAH AL MALKI,175,2,0,0,0.12,0,0,0.03,77,78,1,2,9,0,0,0,0,0,0,0
11,ABDULLAH MADU,45,0,0,0,0.00,0,0,0.00,12,42,0,0,2,0,0,0,0,0,0,0
12,ABDULRAHMAN AL OBUD,33,1,0,0,0.07,1,0,0.02,11,73,3,0,1,0,0,0,0,0,4,0
13,ABOLFAZL JALALI,18,0,0,0,0.00,0,0,0.00,19,68,0,0,3,0,0,0,0,0,5,20
14,ACHRAF DARI,187,1,1,1,0.63,0,0,0.01,107,89,0,5,10,0,0,0,0,0,0,0
15,ACHRAF HAKIMI,633,4,1,0,0.12,6,1,0.59,296,83,17,9,46,1,0,1,0,2,15,13
16,ADRIEN RABIOT,483,9,4,1,1.04,3,1,0.50,270,85,9,10,30,0,0,1,1,2,5,40
17,AGUSTÍN CANOBBIO,10,0,0,0,0.00,0,0,0.00,7,71,1,0,2,0,0,0,0,0,1,0
18,AHMAD NOOROLLAHI,226,5,1,0,0.10,0,0,0.01,49,69,3,6,15,0,0,0,0,0,3,33
19,AHMED ALAA,5,0,0,0,0.00,0,0,0.00,2,0,0,0,0,0,0,0,0,0,0,0
20,AJDIN HRUSTIC,59,1,0,0,0.03,0,0,0.01,18,83,0,1,3,0,0,0,0,0,5,20
21,AKRAM AFIF,270,2,0,0,0.04,4,0,0.18,138,89,0,0,14,1,0,1,0,2,7,42
22,ALAN FRANCO,46,0,0,0,0.00,0,0,0.00,11,91,0,2,1,0,0,0,0,0,0,0
23,ALEKSANDAR MITROVIC,263,10,3,2,1.65,2,0,0.06,56,77,0,0,6,1,0,0,0,1,1,100
24,ALEX SANDRO,191,1,0,0,0.03,1,0,0.22,140,91,3,3,16,1,0,0,0,1,2,50
25,ALEX TELLES,58,0,0,0,0.00,0,0,0.01,35,83,2,0,1,0,0,0,0,0,0,0
26,ALEXANDER BAH,46,2,0,0,0.06,1,0,0.07,42,74,4,2,3,0,0,1,0,1,3,0
27,ALEXANDER DJIKU,96,0,0,0,0.00,0,0,0.00,27,78,1,2,3,0,0,0,0,0,0,0
28,ALEXIS MAC ALLISTER,555,7,4,1,0.69,8,1,0.59,263,89,4,3,40,0,0,2,0,2,9,44
29,ALEXIS VEGA,195,9,2,0,0.83,0,0,0.02,48,75,0,1,16,2,0,0,0,2,5,20
30,ALI ABDI,187,0,0,0,0.00,0,0,0.05,83,61,5,4,17,0,0,0,0,0,4,25
31,ALI AL BULAYHI,217,0,0,0,0.00,0,0,0.01,87,80,2,3,5,0,0,0,0,0,0,0
32,ALI AL HASSAN,45,1,0,0,0.07,0,0,0.00,5,80,1,0,1,0,0,0,0,0,0,0
33,ALI ASAD,26,0,0,0,0.00,0,0,0.01,23,91,0,0,1,0,0,0,0,0,1,100
34,ALI GHOLIZADEH,199,1,0,0,0.03,2,1,0.67,64,66,0,3,21,0,0,2,1,3,9,44
35,ALI KARIMI,97,0,0,0,0.00,0,0,0.02,42,79,3,3,6,0,0,0,0,0,0,0
36,ALI MAÂLOUL,90,0,0,0,0.00,0,0,0.12,37,73,1,0,5,0,0,0,0,0,0,0
37,ALIDU SEIDU,156,1,0,0,0.01,0,0,0.02,56,82,4,0,6,0,0,0,0,0,6,66
38,ALIREZA JAHANBAKHSH,58,3,0,0,0.19,0,0,0.01,14,71,1,1,1,2,0,0,0,2,1,100
39,ALISTAIR JOHNSTON,270,2,1,0,0.80,3,0,0.11,137,82,3,2,16,0,0,2,0,2,1,100
40,ALMOEZ ALI,226,3,1,0,0.36,0,0,0.01,42,71,0,1,6,1,0,0,0,1,3,0
41,ALPHONSO DAVIES,270,5,1,1,0.28,6,0,0.20,81,78,1,3,14,0,0,3,0,3,25,44
42,AMADOU ONANA,105,2,0,0,0.47,0,0,0.02,63,92,1,0,7,0,0,0,0,0,1,100
43,ANDREAS CHRISTENSEN,270,2,1,1,0.36,0,0,0.04,249,94,2,4,20,0,0,0,0,0,0,0
44,ANDREAS CORNELIUS,90,5,2,0,1.02,3,0,0.04,32,63,0,0,2,0,0,0,0,0,1,100
45,ANDREAS SKOV OLSEN,134,4,1,0,0.23,0,0,0.05,54,70,0,1,3,1,0,0,0,1,2,0
46,ANDREJ KRAMARIC,481,10,4,2,1.64,4,0,0.32,161,88,2,0,18,3,1,1,0,5,10,40
47,ANDRIJA ZIVKOVIC,213,1,0,0,0.06,4,2,0.82,70,83,3,3,11,1,0,2,1,4,1,0
48,ANDRÉ AYEW,200,3,1,1,0.36,0,0,0.01,30,77,1,0,6,0,0,0,0,0,2,0
49,ANDRÉ SILVA,25,0,0,0,0.00,2,0,0.01,10,80,0,0,0,0,0,1,0,1,1,0
50,ANDRÉ-FRANK ZAMBO ANGUISSA,261,1,1,0,0.06,0,0,0.08,125,88,0,5,16,0,0,0,0,0,5,80
51,ANDRÉS GUARDADO,42,0,0,0,0.00,0,0,0.00,14,64,2,0,5,0,0,0,0,0,0,0
52,ANGELO PRECIADO,265,4,0,0,0.07,4,1,0.24,90,77,5,6,10,0,0,0,0,0,4,0
53,ANIS BEN SLIMANE,150,1,1,0,0.11,0,0,0.02,35,71,1,1,5,0,0,0,0,0,1,0
54,ANSU FATI,44,0,0,0,0.00,0,0,0.05,27,89,1,0,1,0,0,0,0,0,2,0
55,ANTE BUDIMIR,53,1,0,0,0.18,1,0,0.01,5,40,1,0,0,0,0,0,0,0,0,0
56,ANTHONY CONTRERAS,127,0,0,0,0.00,1,0,0.02,22,55,2,1,4,0,0,0,0,0,0,0
57,ANTOINE GRIEZMANN,537,6,3,0,0.67,9,2,2.17,266,84,8,8,34,3,0,4,0,7,10,40
58,ANTOINE SEMENYO,19,1,0,0,0.05,0,0,0.00,2,50,0,0,0,0,0,0,0,0,0,0
59,ANTONEE ROBINSON,359,0,0,0,0.00,3,0,0.23,184,80,4,7,40,0,0,1,0,1,5,80
60,ANTONIO RÜDIGER,270,6,1,0,0.76,0,0,0.05,242,92,1,0,20,1,0,0,0,1,1,0
61,ANTONY,170,6,2,0,0.23,2,0,0.20,95,86,0,1,12,2,0,1,0,3,16,25
62,ANTÓNIO SILVA,90,0,0,0,0.00,0,0,0.00,60,97,1,1,4,0,0,0,0,0,0,0
63,AO TANAKA,173,1,1,1,0.96,1,0,0.38,64,69,1,3,9,0,0,0,0,0,1,0
64,ARDON JASHARI,1,0,0,0,0.00,0,0,0.00,6,83,0,0,1,0,0,0,0,0,1,0
65,ARKADIUSZ MILIK,100,1,0,0,0.25,1,0,0.01,29,66,0,0,3,0,0,0,0,0,1,100
66,ARTUR JEDRZEJCZYK,18,0,0,0,0.00,0,0,0.00,3,100,0,0,0,0,0,0,0,0,0,0
67,ASSIM MADIBO,154,0,0,0,0.00,1,0,0.01,67,82,3,2,15,0,0,1,0,1,0,0
68,ATIBA HUTCHINSON,161,2,0,0,0.12,0,0,0.04,108,89,1,1,10,0,0,0,0,0,1,100
69,AURÉLIEN TCHOUAMÉNI,623,6,2,1,0.34,6,0,0.39,458,90,4,14,44,0,0,3,0,3,5,60
70,AWER MABIL,22,0,0,0,0.00,0,0,0.00,13,69,0,1,2,0,0,0,0,0,1,0
71,AXEL DISASI,92,1,0,0,0.07,0,0,0.01,59,73,2,3,4,0,0,0,0,0,2,50
72,AXEL WITSEL,270,1,0,0,0.03,1,0,0.05,161,95,2,4,12,1,0,0,0,1,0,0
73,AYASE UEDA,45,0,0,0,0.00,1,0,0.01,12,57,0,0,3,0,0,0,0,0,0,0
74,AYMERIC LAPORTE,300,1,0,0,0.03,1,0,0.09,424,94,0,3,17,0,0,1,0,1,0,0
75,AZIZ BEHICH,360,2,0,0,0.12,0,0,0.03,151,76,3,3,22,0,0,0,0,0,14,57
76,AZZEDINE OUNAHI,570,6,1,0,0.32,6,0,0.45,254,83,8,7,38,2,0,5,0,7,14,71
77,AÏSSA LAÏDOUNI,245,2,0,0,0.13,4,1,0.21,115,81,3,4,25,0,0,1,0,1,4,25
78,BADR BENOUN,52,0,0,0,0.00,0,0,0.00,21,95,0,1,2,0,0,0,0,0,0,0
79,BAILEY WRIGHT,16,0,0,0,0.00,0,0,0.00,3,33,0,0,0,0,0,0,0,0,0,0
80,BAMBA DIENG,97,4,1,1,0.50,2,0,0.01,14,56,1,0,4,0,0,0,0,0,2,0
81,BARTOSZ BERESZYNSKI,342,0,0,0,0.00,0,0,0.07,108,77,2,2,15,0,0,0,0,0,9,11
82,BASSAM AL RAWI,90,0,0,0,0.00,1,0,0.17,53,81,0,0,3,0,0,1,0,1,1,100
83,BEN DAVIES,239,3,2,0,0.35,0,0,0.03,135,77,2,1,20,0,0,0,0,0,3,66
84,BENJAMIN PAVARD,89,0,0,0,0.00,0,0,0.02,83,92,0,1,5,0,0,0,0,0,0,0
85,BERNARDO SILVA,358,1,0,0,0.18,5,0,0.30,269,88,2,2,32,0,0,4,0,4,6,16
86,BILAL EL KHANNOUSS,56,0,0,0,0.00,0,0,0.01,24,83,0,0,0,0,0,0,0,0,1,0
87,BORNA BARISIC,120,1,0,0,0.02,1,0,0.21,45,80,1,0,3,0,0,0,0,0,0,0
88,BORNA SOSA,425,2,0,0,0.07,2,0,0.50,216,84,6,2,14,1,0,1,0,2,5,40
89,BOUALEM KHOUKHI,270,0,0,0,0.00,0,0,0.25,184,86,2,3,16,0,0,0,0,0,3,0
90,BOULAYE DIA,320,8,3,1,0.74,1,0,0.08,50,76,0,1,7,0,0,0,0,0,4,25
91,BRANDON AGUILERA,88,0,0,0,0.00,0,0,0.00,34,76,0,1,8,0,0,0,0,0,3,66
92,BREEL EMBOLO,326,6,3,2,2.29,2,0,0.06,53,72,0,0,6,1,0,0,0,1,7,28
93,BREMER,108,1,0,0,0.17,0,0,0.01,81,95,1,1,9,0,0,0,0,0,0,0
94,BRENDEN AARONSON,105,1,0,0,0.07,3,0,0.11,46,87,2,1,9,0,0,1,0,1,11,18
95,BRENNAN JOHNSON,89,3,1,0,0.21,0,0,0.07,15,60,0,0,3,2,0,0,0,2,5,0
96,BRUNO FERNANDES,357,7,3,1,0.33,5,2,0.87,191,87,3,2,23,1,1,3,1,6,6,50
97,BRUNO GUIMARÃES,67,5,2,0,0.70,0,0,0.10,49,84,0,0,6,0,0,0,0,0,2,100
98,BRUNO PETKOVIC,230,1,1,1,0.12,4,0,0.17,70,51,4,0,9,0,0,3,0,3,4,50
99,BRYAN MBEUMO,226,2,2,0,0.21,4,0,0.09,72,63,0,1,7,0,0,2,0,2,8,12
100,BRYAN OVIEDO,261,0,0,0,0.00,0,0,0.03,75,76,5,3,14,0,0,0,0,0,4,0
101,BRYAN RUIZ,29,0,0,0,0.00,0,0,0.00,9,78,1,0,1,0,0,0,0,0,1,100
102,BUKAYO SAKA,293,7,5,3,0.64,5,0,0.57,98,79,4,2,13,3,1,3,0,7,11,18
103,CALLUM WILSON,46,0,0,0,0.00,3,1,0.45,9,89,0,0,3,0,0,2,1,3,1,0
104,CAMERON CARTER-VICKERS,90,0,0,0,0.00,0,0,0.01,54,85,0,0,4,0,0,0,0,0,0,0
105,CARLOS GRUEZO,45,0,0,0,0.00,0,0,0.00,15,100,2,0,2,0,0,0,0,0,0,0
106,CARLOS MARTÍNEZ,45,0,0,0,0.00,0,0,0.00,9,67,1,1,3,0,0,0,0,0,0,0
107,CARLOS RODRÍGUEZ,32,0,0,0,0.00,0,0,0.01,28,75,0,0,6,0,0,0,0,0,2,100
108,CARLOS SOLER,90,4,1,1,0.54,0,0,0.05,78,96,0,0,3,0,0,0,0,0,2,50
109,CASEMIRO,390,9,3,1,0.42,4,0,0.40,244,83,4,7,22,1,0,0,0,1,3,33
110,CELSO BORGES,251,0,0,0,0.00,1,0,0.02,110,85,1,4,17,0,0,0,0,0,2,100
111,CHARLES DE KETELAERE,15,0,0,0,0.00,0,0,0.00,4,75,0,0,3,0,0,0,0,0,0,0
112,CHEIKHOU KOUYATÉ,73,0,0,0,0.00,1,0,0.02,20,85,0,2,5,0,0,0,0,0,1,100
113,CHO GUE-SUNG,275,9,5,2,1.07,1,0,0.09,55,60,0,0,4,0,0,0,0,0,5,0
114,CHO YU-MIN,1,0,0,0,0.00,0,0,0.00,0,0,0,0,0,0,0,0,0,0,0,0
115,CHRIS MEPHAM,270,0,0,0,0.00,2,0,0.16,167,81,6,1,8,0,0,0,0,0,0,0
116,CHRISTIAN BASSOGOG,23,0,0,0,0.00,0,0,0.04,7,71,0,1,2,0,0,0,0,0,4,50
117,CHRISTIAN ERIKSEN,270,4,1,0,0.18,3,0,0.25,190,90,0,0,30,1,0,0,0,1,4,0
118,CHRISTIAN FASSNACHT,7,1,1,0,0.23,0,0,0.01,10,70,0,0,2,1,0,0,0,1,2,100
119,CHRISTIAN NØRGAARD,5,0,0,0,0.00,0,0,0.01,15,93,0,0,2,0,0,0,0,0,0,0
120,CHRISTIAN PULISIC,315,9,5,1,1.06,6,2,1.03,107,73,0,0,11,3,0,4,1,8,15,26
121,CHRISTOPHER WOOH,90,1,0,0,0.04,0,0,0.00,27,85,0,1,0,0,0,0,0,0,0,0
122,CODY GAKPO,453,5,3,3,0.31,5,0,0.31,106,74,2,3,19,2,1,2,0,5,13,38
123,COLLINS FAI,270,1,0,0,0.02,2,0,0.19,105,72,2,4,21,1,0,0,0,1,2,0
124,CONNOR ROBERTS,201,0,0,0,0.00,1,0,0.18,92,82,3,1,8,0,0,0,0,0,0,0
125,CRAIG GOODWIN,235,2,1,1,0.28,3,0,0.18,73,70,3,0,14,0,0,0,0,0,0,0
126,CRISTIAN ROMERO,548,0,0,0,0.00,0,0,0.04,364,90,3,4,35,0,0,0,0,0,1,100
127,CRISTIANO RONALDO,291,10,3,0,0.84,4,0,0.10,80,74,0,0,6,1,0,0,0,1,5,0
128,CYLE LARIN,137,3,1,0,0.24,2,0,0.26,26,73,0,0,4,0,0,1,0,1,4,25
129,CÉSAR AZPILICUETA,135,0,0,0,0.00,4,1,0.52,159,96,0,1,5,0,0,2,0,2,0,0
130,CÉSAR MONTES,270,1,0,0,0.18,0,0,0.53,192,81,3,2,13,0,0,0,0,0,2,100
131,DAICHI KAMADA,324,6,1,0,0.65,0,0,0.14,92,82,3,0,10,1,0,0,0,1,4,75
132,DAIZEN MAEDA,183,2,1,1,0.48,0,0,0.05,15,40,2,3,4,0,0,0,0,0,1,0
133,DALEY BLIND,424,5,2,1,0.38,2,1,0.40,260,85,9,5,24,0,0,1,1,2,2,50
134,DAMIAN SZYMANSKI,28,0,0,0,0.00,0,0,0.00,8,100,0,1,0,0,0,0,0,0,0,0
135,DAN JAMES,154,0,0,0,0.03,1,0,0.02,28,71,1,0,4,0,0,1,0,1,4,25
136,DANI ALVES,117,3,0,0,0.19,0,0,0.07,77,88,4,2,9,0,0,0,0,0,2,50
137,DANI OLMO,368,12,6,1,1.40,5,1,0.43,175,85,3,1,15,3,0,2,0,5,20,20
138,DANIEL AMARTEY,270,1,0,0,0.23,3,0,0.03,136,90,4,3,15,0,0,2,0,2,1,100
139,DANIEL CARVAJAL,135,0,0,0,0.00,0,0,0.04,109,88,1,2,9,0,0,0,0,0,0,0
140,DANIEL CHACÓN,1,0,0,0,0.00,0,0,0.00,1,100,0,0,0,0,0,0,0,0,0,0
141,DANIEL-KOFI KYEREH,31,0,0,0,0.00,0,0,0.01,18,100,2,0,3,0,0,0,0,0,2,100
142,DANILO,282,2,0,0,0.03,0,0,0.18,237,88,2,3,17,0,0,0,0,0,1,100
143,DANILO PEREIRA,90,0,0,0,0.00,0,0,0.01,76,87,2,3,4,0,0,0,0,0,1,100
144,DARKO LAZOVIC,24,1,0,0,0.01,0,0,0.00,11,64,0,0,0,0,0,0,0,0,0,0
145,DARWIN NÚÑEZ,242,3,2,0,0.38,1,0,0.06,49,61,2,0,6,1,0,1,0,2,5,0
146,DAVID RAUM,244,0,0,0,0.00,6,1,0.27,138,88,3,7,12,0,0,1,1,2,4,50
147,DAVID WOTHERSPOON,14,0,0,0,0.00,0,0,0.00,6,67,0,0,3,0,0,0,0,0,1,100
148,DAVY KLAASSEN,191,2,1,1,0.23,4,2,0.06,75,79,2,1,14,0,0,0,0,0,1,0
149,DAYOT UPAMECANO,480,1,0,0,0.05,2,0,0.07,344,90,7,6,33,0,0,1,0,1,0,0
150,DEANDRE YEDLIN,31,0,0,0,0.00,0,0,0.01,19,79,1,0,1,0,0,0,0,0,0,0
151,DECLAN RICE,418,0,0,0,0.00,1,0,0.11,316,94,5,11,29,0,0,1,0,1,4,0
152,DEJAN LOVREN,600,4,1,0,0.26,1,1,0.07,441,89,2,6,31,0,0,1,1,2,0,0
153,DENIS ODOI,12,0,0,0,0.00,0,0,0.00,1,100,0,0,0,0,0,0,0,0,0,0
154,DENIS ZAKARIA,57,1,0,0,0.05,0,0,0.02,21,86,0,3,5,0,0,0,0,0,2,0
155,DENZEL DUMFRIES,480,1,1,1,0.38,2,2,0.41,159,71,5,7,16,0,0,1,1,2,9,0
156,DIEGO GODÍN,152,1,0,0,0.06,0,0,0.01,101,84,0,1,6,0,0,0,0,0,0,0
157,DIOGO DALOT,259,1,1,0,0.04,4,1,0.38,118,80,6,2,13,1,0,1,1,3,4,25
158,DJIBRIL SOW,269,2,0,0,0.16,3,1,0.17,93,87,1,2,9,1,0,1,0,2,2,0
159,DJORKAEFF REASCO,26,0,0,0,0.00,0,0,0.00,2,100,0,0,1,0,0,0,0,0,0,0
160,DRIES MERTENS,75,3,1,0,0.80,2,0,0.05,28,71,0,0,2,1,0,1,0,2,1,100
161,DUSAN TADIC,258,1,0,0,0.08,6,1,0.76,102,78,2,1,10,0,0,2,1,3,6,50
162,DUSAN VLAHOVIC,79,3,3,1,0.81,0,0,0.00,11,55,0,0,3,0,0,0,0,0,1,0
163,DYLAN BRONN,163,1,0,0,0.07,0,0,0.01,89,75,2,0,7,0,0,0,0,0,1,0
164,EDEN HAZARD,125,1,1,0,0.05,1,0,0.05,57,81,0,1,7,1,0,0,0,1,10,50
165,EDIMILSON FERNANDES,143,1,0,0,0.03,3,0,0.04,63,83,1,2,14,1,0,0,0,1,1,0
166,EDINSON CAVANI,123,3,0,0,0.29,5,0,0.16,36,72,0,0,6,0,0,1,0,1,1,100
167,EDSON ÁLVAREZ,176,1,1,0,0.02,1,0,0.37,111,75,2,4,10,0,0,0,0,0,1,100
168,EDUARDO CAMAVINGA,139,0,0,0,0.00,3,0,0.08,86,86,9,3,15,0,0,0,0,0,6,16
169,EHSAN HAJISAFI,239,1,0,0,0.16,2,0,0.28,78,69,3,2,10,0,0,0,0,0,2,0
170,ELLYES SKHIRI,270,2,0,0,0.07,3,0,0.06,120,87,3,7,18,0,0,1,0,1,3,33
171,ENNER VALENCIA,256,8,4,2,1.48,3,0,0.23,51,69,0,1,8,1,0,1,0,2,8,25
172,ENZO EBOSSE,90,0,0,0,0.00,0,0,0.00,33,91,2,0,1,0,0,0,0,0,0,0
173,ENZO FERNÁNDEZ,563,8,3,1,0.32,6,1,0.79,457,88,15,3,39,1,0,3,1,5,6,50
174,ERAY CÖMERT,46,0,0,0,0.00,0,0,0.01,41,90,0,2,4,0,0,0,0,0,1,0
175,ERIC CHOUPO-MOTING,254,3,2,1,0.83,2,0,0.08,59,63,2,1,8,1,0,1,0,2,8,37
176,ERIC DIER,33,0,0,0,0.00,0,0,0.00,40,98,1,0,3,0,0,0,0,0,0,0
177,ETHAN AMPADU,256,1,0,0,0.04,2,0,0.06,132,75,3,4,16,0,0,1,0,1,3,66
178,EXEQUIEL PALACIOS,47,1,0,0,0.07,1,0,0.06,26,92,0,2,6,0,0,1,0,1,1,0
179,FABIAN FREI,23,0,0,0,0.00,0,0,0.00,14,64,1,1,2,0,0,0,0,0,0,0
180,FABIAN RIEDER,68,0,0,0,0.00,1,0,0.01,24,50,2,0,4,0,0,0,0,0,1,100
181,FABIAN SCHÄR,135,2,0,0,0.14,0,0,0.01,74,78,1,2,7,0,0,0,0,0,0,0
182,FABINHO,90,0,0,0,0.00,0,0,0.02,54,89,2,1,9,0,0,0,0,0,0,0
183,FACUNDO PELLISTRI,182,1,0,0,0.17,3,0,0.17,43,72,1,0,9,0,0,1,0,1,6,0
184,FAMARA DIÉDHIOU,92,3,1,1,0.20,1,0,0.11,14,71,0,0,3,0,0,0,0,0,1,0
185,FEDERICO VALVERDE,270,7,1,0,0.17,2,0,0.29,173,87,4,5,19,0,0,1,0,1,4,25
186,FERAS AL BRIKAN,269,2,0,0,0.11,1,1,0.08,60,70,3,2,7,1,0,0,0,1,7,14
187,FERJANI SASSI,47,1,0,0,0.02,0,0,0.02,33,76,0,1,5,0,0,0,0,0,3,66
188,FERRAN TORRES,219,3,2,1,0.23,1,0,0.16,76,76,0,0,8,0,0,0,0,0,13,7
189,FILIP DJURICIC,13,0,0,0,0.00,1,0,0.00,5,80,0,0,0,0,0,0,0,0,0,0
190,FILIP KOSTIC,179,1,0,0,0.02,1,0,0.15,75,67,3,0,12,1,0,0,0,1,1,0
191,FILIP MLADENOVIC,66,1,0,0,0.02,0,0,0.00,17,82,0,0,4,0,0,0,0,0,2,0
192,FODÉ BALLO-TOURÉ,6,0,0,0,0.00,0,0,0.00,5,80,0,0,0,0,0,0,0,0,1,0
193,FRAN KARACIC,93,3,0,0,0.18,1,0,0.11,38,61,1,2,9,0,0,1,0,1,0,0
194,FRANCISCO CALVO,180,1,0,0,0.01,0,0,0.01,93,82,4,2,12,0,0,0,0,0,2,100
195,FRED,143,3,1,0,0.33,4,0,0.25,80,85,3,0,7,1,0,1,0,2,0,0
196,FRENKIE DE JONG,476,2,1,1,0.88,4,1,0.40,354,89,5,6,30,1,0,0,0,1,6,50
197,FÉLIX TORRES,270,1,0,0,0.12,0,0,0.01,196,81,2,4,17,0,0,0,0,0,1,0
198,GABRIEL JESUS,92,2,1,0,0.36,4,0,0.07,25,80,1,2,2,0,0,0,0,0,2,50
199,GABRIEL MARTINELLI,111,4,3,0,0.52,3,0,0.33,36,81,1,0,5,2,0,1,0,3,11,27
200,GARANG KUOL,35,1,1,0,0.38,0,0,0.00,5,60,0,1,0,0,0,0,0,0,2,0
201,GARETH BALE,225,1,2,0,0.02,2,0,0.22,47,64,1,1,9,0,0,1,0,1,3,33
202,GAVI,287,1,1,1,0.14,1,0,0.23,142,87,4,1,7,0,0,1,0,1,8,37
203,GAËL ONDOUA,45,0,0,0,0.00,0,0,0.01,19,89,1,2,2,0,0,0,0,0,0,0
204,GEORGES-KÉVIN NKOUDOU,25,1,1,0,0.04,0,0,0.01,9,89,0,0,3,0,0,0,0,0,2,0
205,GERMÁN PEZZELLA,57,1,0,0,0.07,0,0,0.01,43,95,0,0,1,0,0,0,0,0,0,0
206,GERSON TORRES,65,1,0,0,0.01,0,0,0.00,14,100,0,0,4,0,0,0,0,0,2,0
207,GHAYLEN CHAALALI,16,0,0,0,0.00,0,0,0.00,4,75,0,2,2,0,0,0,0,0,0,0
208,GIDEON MENSAH,88,0,0,0,0.00,1,0,0.14,38,79,1,2,4,0,0,0,0,0,0,0
209,GIORGIAN DE ARRASCAETA,108,3,3,2,1.21,2,0,0.49,45,67,1,2,7,0,0,0,0,0,1,0
210,GIOVANNI REYNA,52,2,0,0,0.06,2,0,0.16,32,69,0,0,1,1,0,1,0,2,0,0
211,GONZALO MONTIEL,118,1,0,0,0.02,2,0,0.31,66,86,2,1,3,0,0,1,0,1,1,0
212,GONZALO PLATA,269,2,1,0,0.13,1,0,0.05,79,86,2,2,10,0,0,0,0,0,13,30
213,GONÇALO RAMOS,153,7,5,3,1.57,2,1,0.09,29,79,1,0,2,1,1,0,0,2,2,0
214,GRANIT XHAKA,360,6,3,0,0.32,2,0,0.15,229,88,4,2,21,2,0,0,0,2,2,50
215,GRZEGORZ KRYCHOWIAK,334,1,0,0,0.02,3,0,0.06,122,74,4,5,23,1,0,1,0,2,3,33
216,GUIDO RODRÍGUEZ,57,0,0,0,0.00,0,0,0.01,62,84,0,0,2,0,0,0,0,0,0,0
217,GUILLERMO VARELA,182,0,0,0,0.00,1,0,0.04,65,69,2,3,8,0,0,1,0,1,3,0
218,HAITHAM ASIRI,1,0,0,0,0.00,0,0,0.00,2,50,0,0,0,0,0,0,0,0,0,0
219,HAJI WRIGHT,135,6,3,1,0.53,1,0,0.03,23,74,0,0,4,2,0,0,0,2,1,0
220,HAKIM ZIYECH,638,10,2,1,0.37,3,1,0.36,247,77,7,10,29,3,0,2,0,5,31,38
221,HANNIBAL MEJBRI,10,0,0,0,0.00,0,0,0.00,2,100,0,1,1,0,0,0,0,0,0,0
222,HARIS SEFEROVIC,68,1,0,0,0.19,1,0,0.01,11,73,0,0,1,1,0,1,0,2,0,0
223,HARRY KANE,404,10,6,1,1.11,5,3,0.65,88,66,1,0,16,3,0,2,1,6,9,44
224,HARRY MAGUIRE,430,6,2,0,0.37,0,0,0.09,390,87,3,4,17,0,0,0,0,0,2,100
225,HARRY SOUTTAR,360,1,0,0,0.08,1,0,0.05,163,83,0,6,17,0,0,0,0,0,0,0
226,HARRY WILSON,160,2,0,0,0.10,1,0,0.04,54,81,2,1,10,0,0,1,0,1,1,0
227,HASSAN AL HAYDOS,209,1,1,0,0.01,2,0,0.49,73,82,1,2,12,0,0,0,0,0,6,33
228,HASSAN TAMBAKTI,180,0,0,0,0.00,0,0,0.01,49,71,2,3,9,0,0,0,0,0,0,0
229,HATTAN BAHBRI,3,0,0,0,0.00,1,1,0.05,7,56,0,0,1,0,0,0,0,0,0,0
230,HENRY MARTÍN,148,4,2,1,0.92,5,0,0.21,16,69,1,2,4,0,0,0,0,0,1,100
231,HIDEMASA MORITA,285,3,1,0,0.16,2,0,0.08,151,83,0,3,21,1,0,0,0,1,3,0
232,HIROKI ITO,45,0,0,0,0.00,1,0,0.02,61,92,0,0,2,0,0,0,0,0,0,0
233,HIROKI SAKAI,119,1,0,0,0.53,1,0,0.09,30,60,4,1,6,0,0,0,0,0,2,0
234,HIRVING LOZANO,253,6,3,0,0.19,7,0,0.80,46,70,2,0,14,2,0,5,0,7,10,50
235,HOMAM AHMED,263,0,0,0,0.00,1,0,0.03,76,71,2,2,14,0,0,0,0,0,5,60
236,HONG CHUL,45,0,0,0,0.00,1,0,0.02,16,94,0,1,2,0,0,0,0,0,1,0
237,HOSSEIN KANANI,45,0,0,0,0.00,0,0,0.00,10,70,0,1,1,0,0,0,0,0,0,0
238,HWANG HEE-CHAN,114,6,5,1,0.92,1,0,0.07,53,81,1,0,7,2,0,0,0,2,10,30
239,HWANG IN-BEOM,335,6,1,0,0.23,3,0,0.19,236,80,3,3,22,1,0,1,0,2,5,0
240,HWANG UI-JO,104,1,0,0,0.47,0,0,0.00,10,80,0,0,3,0,0,0,0,0,1,100
241,HÉCTOR HERRERA,161,0,0,0,0.00,1,0,0.16,72,85,3,3,7,0,0,0,0,0,1,0
242,HÉCTOR MORENO,270,1,0,0,0.18,1,0,0.02,179,83,1,1,14,0,0,0,0,0,0,0
243,IBRAHIMA KONATÉ,292,2,1,0,0.37,2,0,0.29,224,92,6,7,14,0,0,0,0,0,0,0
244,IDRISSA GUEYE,270,4,1,0,0.33,0,0,0.07,107,92,1,5,15,0,0,0,0,0,2,50
245,ILIAS CHAIR,45,0,0,0,0.00,0,0,0.00,13,100,0,0,2,0,0,0,0,0,1,0
246,ILIMAN NDIAYE,136,2,0,0,0.13,1,1,0.20,27,81,0,1,4,0,0,0,0,0,8,75
247,ILKAY GÜNDOGAN,192,5,3,0,0.35,1,0,0.30,163,90,1,1,18,1,0,0,0,1,4,50
248,ISMAEEL MOHAMMAD,175,2,2,0,0.41,1,1,0.16,47,79,2,2,6,1,0,1,1,3,2,0
249,ISMAIL JAKOBS,279,1,0,0,0.01,3,0,0.36,106,72,0,4,9,0,0,1,0,1,1,0
250,ISMAËL KONÉ,106,0,0,0,0.00,1,0,0.04,98,96,0,0,3,0,0,0,0,0,2,50
251,ISMAÏLA SARR,344,10,2,0,0.87,6,0,0.49,70,67,2,2,17,3,0,5,0,8,19,47
252,ISSAHAKU FATAWU,1,0,0,0,0.00,0,0,0.00,0,0,0,0,0,0,0,0,0,0,1,0
253,ISSAM JEBALI,184,3,1,0,0.53,2,0,0.19,28,71,3,0,8,1,0,0,0,1,2,50
254,IVAN ILIC,33,0,0,0,0.00,1,0,0.00,19,95,0,1,3,0,0,1,0,1,0,0
255,IVAN PERISIC,670,16,4,1,0.91,8,2,0.55,227,74,4,7,31,6,0,3,1,10,13,46
256,IÑAKI WILLIAMS,252,2,0,0,0.29,2,1,0.05,40,70,2,0,9,0,0,1,0,1,2,50
257,JACK GREALISH,81,1,1,1,0.65,2,0,0.24,53,89,1,3,6,0,0,1,0,1,9,33
258,JACKSON IRVINE,355,3,0,0,0.52,1,0,0.11,119,81,2,3,11,0,0,0,0,0,2,0
259,JACKSON POROZO,95,1,0,0,0.05,0,0,0.00,43,91,2,3,2,0,0,0,0,0,0,0
260,JAKUB KAMINSKI,233,4,2,0,0.37,2,0,0.38,55,60,1,0,17,0,0,0,0,0,5,40
261,JAKUB KIWIOR,356,1,0,0,0.03,0,0,0.03,193,84,1,4,11,0,0,0,0,0,0,0
262,JAMAL MUSIALA,259,12,3,0,1.92,8,1,0.85,103,82,1,1,19,6,0,5,0,11,36,52
263,JAMIE MACLAREN,52,0,0,0,0.00,1,0,0.02,13,54,0,1,1,0,0,0,0,0,0,0
264,JAN BEDNAREK,4,0,0,0,0.00,0,0,0.00,6,100,0,0,1,0,0,0,0,0,0,0
265,JAN VERTONGHEN,270,2,0,0,0.17,0,0,0.02,263,89,0,5,16,0,0,0,0,0,0,0
266,JASON CUMMINGS,34,0,0,0,0.00,0,0,0.00,4,50,0,0,1,0,0,0,0,0,1,0
267,JAWAD EL YAMIQ,308,2,1,0,0.10,0,0,0.01,158,89,2,5,20,0,0,0,0,0,0,0
268,JEAN-CHARLES CASTELLETTO,180,1,1,1,0.95,1,1,0.25,74,84,3,6,9,0,0,1,1,2,1,100
269,JEONG WOO-YEONG,45,1,0,0,0.03,0,0,0.04,12,92,0,0,1,0,0,0,0,0,1,0
270,JEREMY SARMIENTO,83,1,1,0,0.07,2,0,0.05,30,67,1,1,6,0,0,0,0,0,6,33
271,JEROME NGOM MBEKELI,4,0,0,0,0.00,1,1,0.11,0,0,0,0,0,0,0,1,1,2,0,0
272,JESPER LINDSTRØM,200,3,1,0,0.32,0,0,0.03,46,74,1,1,8,1,0,0,0,1,13,30
273,JESÚS FERREIRA,45,0,0,0,0.00,0,0,0.01,18,83,0,0,1,0,0,0,0,0,1,0
274,JESÚS GALLARDO,270,1,0,0,0.12,0,0,0.10,100,71,5,1,14,0,0,0,0,0,4,75
275,JEWISON BENNETTE,102,1,0,0,0.04,0,0,0.01,12,83,0,0,4,0,0,0,0,0,6,16
276,JHEGSON MÉNDEZ,180,0,0,0,0.00,2,0,0.12,134,93,2,1,16,0,0,1,0,1,1,0
277,JOACHIM ANDERSEN,270,4,1,0,0.10,0,0,0.06,245,80,2,0,15,1,0,0,0,1,1,0
278,JOAKIM MAEHLE,250,2,0,0,0.04,1,0,0.11,116,80,5,2,10,1,0,0,0,1,10,0
279,JOE ALLEN,94,2,0,0,0.10,1,0,0.00,34,82,1,1,9,1,0,0,0,1,0,0
280,JOE MORRELL,32,0,0,0,0.00,0,0,0.00,14,86,2,1,4,0,0,0,0,0,0,0
281,JOE RODON,270,0,0,0,0.00,0,0,0.01,167,90,2,4,10,0,0,0,0,0,0,0
282,JOEL CAMPBELL,269,1,0,0,0.01,1,0,0.08,113,79,5,0,14,0,0,0,0,0,14,42
283,JOHAN VENEGAS,74,0,0,0,0.00,0,0,0.00,12,83,0,0,1,0,0,0,0,0,1,0
284,JOHN STONES,436,4,1,0,0.36,1,0,0.08,451,96,2,1,17,0,0,1,0,1,2,100
285,JONAS HOFMANN,28,1,1,0,0.27,1,0,0.02,19,79,0,0,0,0,0,0,0,0,1,0
286,JONATHAN DAVID,192,8,1,0,1.09,0,0,0.04,53,66,1,0,5,0,0,0,0,0,4,0
287,JONATHAN OSORIO,119,1,0,0,0.06,0,0,0.02,55,91,1,1,5,1,0,0,0,1,2,50
288,JORDAN AYEW,136,1,1,0,0.05,1,1,0.20,33,88,3,1,8,1,0,0,0,1,8,12
289,JORDAN HENDERSON,272,2,1,1,0.16,2,0,1.35,147,87,2,1,12,0,0,1,0,1,4,0
290,JORDAN MORRIS,3,0,0,0,0.00,0,0,0.00,2,50,0,0,0,0,0,0,0,0,0,0
291,JORDAN VERETOUT,63,0,0,0,0.00,0,0,0.01,35,91,0,0,1,0,0,0,0,0,0,0
292,JORDI ALBA,266,2,0,0,0.04,4,2,0.66,316,91,4,3,20,1,0,0,0,1,3,66
293,JORGE SÁNCHEZ,176,1,1,0,0.02,0,0,0.03,60,78,0,3,6,0,0,0,0,0,4,25
294,JOSH SARGENT,158,4,1,0,0.37,1,0,0.09,30,90,0,1,1,1,0,0,0,1,2,100
295,JOSHUA KIMMICH,270,7,4,0,0.36,6,0,1.20,231,91,2,3,19,0,0,0,0,0,4,25
296,JOSIP JURANOVIC,600,1,0,0,0.03,6,1,0.29,312,84,8,3,40,0,0,1,0,1,4,25
297,JOSIP STANISIC,90,1,0,0,0.02,0,0,0.02,39,72,3,1,4,0,0,0,0,0,0,0
298,JOSIP SUTALO,90,0,0,0,0.00,0,0,0.00,66,94,0,0,3,0,0,0,0,0,0,0
299,JOSKO GVARDIOL,690,2,1,1,0.14,1,0,0.29,505,90,6,11,48,0,0,1,0,1,2,50
300,JOSÉ CIFUENTES,58,1,1,0,0.02,0,0,0.01,40,78,2,0,3,1,0,0,0,1,0,0
301,JOSÉ GIMÉNEZ,270,3,0,0,0.17,0,0,0.35,163,82,1,7,13,0,0,0,0,0,0,0
302,JOÃO CANCELO,309,2,1,0,0.04,0,0,0.18,225,82,3,2,24,1,0,0,0,1,11,36
303,JOÃO FÉLIX,333,11,3,1,0.86,3,2,0.17,115,77,2,1,9,4,1,0,0,5,9,22
304,JOÃO MÁRIO,84,0,0,0,0.00,0,0,0.03,37,97,1,0,5,0,0,0,0,0,1,0
305,JOÃO PALHINHA,35,1,0,0,0.03,2,0,0.04,30,83,1,1,5,0,0,0,0,0,2,50
306,JUAN FOYTH,4,0,0,0,0.00,0,0,0.00,3,67,0,0,0,0,0,0,0,0,1,100
307,JUAN PABLO VARGAS,90,2,2,1,0.24,0,0,0.00,18,78,3,2,5,0,0,0,0,0,0,0
308,JUDE BELLINGHAM,415,5,3,1,0.56,4,1,0.50,254,90,15,5,31,0,0,2,1,3,13,46
309,JULES KOUNDÉ,479,4,2,0,0.19,1,0,0.05,261,83,8,5,25,0,0,0,0,0,5,60
310,JULIÁN ÁLVAREZ,467,11,8,4,2.64,2,0,0.72,114,77,2,0,21,5,0,1,0,6,4,0
311,JUNG WOO-YOUNG,304,1,0,0,0.03,2,0,0.11,207,86,4,3,24,1,0,1,0,2,0,0
312,JUNIOR HOILETT,162,4,0,0,0.14,2,0,0.27,42,83,4,1,8,1,0,1,0,2,7,28
313,JUNYA ITO,323,2,1,0,0.17,4,1,0.07,70,66,4,5,17,1,0,0,0,1,8,25
314,JURRIËN TIMBER,390,0,0,0,0.00,0,0,0.06,300,90,6,10,30,0,0,0,0,0,6,66
315,JÉRÉMY DOKU,18,0,0,0,0.00,0,0,0.03,11,73,0,0,0,0,0,0,0,0,4,50
316,KAI HAVERTZ,103,5,3,2,1.36,2,0,0.50,30,80,1,1,3,0,0,0,0,0,0,0
317,KALIDOU KOULIBALY,360,2,1,1,0.49,1,0,0.04,185,75,9,2,28,0,0,1,0,1,0,0
318,KALVIN PHILLIPS,40,0,0,0,0.00,1,1,0.01,19,89,0,0,1,0,0,0,0,0,0,0
319,KAMAL MILLER,270,0,0,0,0.00,0,0,0.03,194,91,4,4,14,0,0,0,0,0,2,50
320,KAMALDEEN SULEMANA,57,1,1,0,0.06,0,0,0.03,15,67,0,0,0,0,0,0,0,0,5,20
321,KAMIL GLIK,360,3,0,0,0.23,0,0,0.01,125,90,1,3,11,0,0,0,0,0,0,0
322,KAMIL GROSICKI,3,0,0,0,0.00,1,0,0.11,3,100,0,0,0,0,0,0,0,0,1,100
323,KAORU MITOMA,162,1,1,0,0.08,3,1,0.44,57,72,2,2,17,0,0,1,0,1,5,40
324,KARIM ANSARIFARD,35,1,0,0,0.07,1,0,0.04,5,80,0,1,0,0,0,0,0,0,0,0
325,KARIM BOUDIAF,185,0,0,0,0.00,0,0,0.02,103,88,1,0,12,0,0,0,0,0,3,33
326,KARL TOKO EKAMBI,167,2,1,0,0.18,2,0,0.31,50,84,1,2,8,1,0,1,0,2,4,25
327,KAROL SWIDERSKI,45,0,0,0,0.00,0,0,0.01,6,100,1,2,3,0,0,0,0,0,0,0
328,KASPER DOLBERG,113,3,1,0,0.40,1,0,0.04,14,79,1,0,3,0,0,0,0,0,3,33
329,KEANU BACCUS,113,1,0,0,0.05,0,0,0.01,41,63,1,2,11,1,0,0,0,1,1,0
330,KELLYN ACOSTA,40,0,0,0,0.00,0,0,0.01,12,83,2,0,2,0,0,0,0,0,0,0
331,KENDALL WASTON,225,1,1,0,0.15,0,0,0.00,69,83,4,5,10,0,0,0,0,0,0,0
332,KENNETH TAYLOR,4,0,0,0,0.00,0,0,0.01,8,100,0,0,0,0,0,0,0,0,0,0
333,KEVIN DE BRUYNE,270,7,2,0,0.23,6,0,0.61,109,73,1,0,11,4,0,3,0,7,8,50
334,KEVIN RODRÍGUEZ,2,2,1,0,0.09,0,0,0.00,1,0,0,0,0,0,0,0,0,0,0,0
335,KEVIN ÁLVAREZ,70,0,0,0,0.00,0,0,0.01,19,63,0,1,4,0,0,0,0,0,3,33
336,KEYSHER FULLER,254,3,2,1,0.38,1,0,0.12,53,70,4,3,11,0,0,0,0,0,2,50
337,KIEFFER MOORE,225,6,2,0,1.03,4,0,0.09,56,64,0,2,7,1,0,0,0,1,1,0
338,KIERAN TRIPPIER,205,1,0,0,0.05,0,0,0.09,154,86,4,1,11,0,0,0,0,0,1,100
339,KIM JIN-SU,315,4,1,0,0.33,5,1,0.65,99,77,5,3,12,0,0,0,0,0,2,0
340,KIM MIN-JAE,269,2,0,0,0.10,0,0,0.05,189,88,1,2,14,0,0,0,0,0,1,100
341,KIM MOON-HWAN,360,0,0,0,0.00,3,0,0.25,182,87,4,4,16,0,0,1,0,1,4,50
342,KIM YOUNG-GWON,351,2,1,1,0.75,3,0,0.15,200,87,2,3,13,0,0,1,0,1,0,0
343,KINGSLEY COMAN,165,1,0,0,0.16,1,0,0.18,58,88,2,2,12,1,0,1,0,2,12,50
344,KO ITAKURA,270,3,1,0,0.15,0,0,0.02,109,88,5,4,13,0,0,0,0,0,3,0
345,KOKE,50,0,0,0,0.00,0,0,0.02,60,93,1,0,2,0,0,0,0,0,0,0
346,KRISTIJAN JAKIC,1,0,0,0,0.00,0,0,0.00,0,0,0,0,0,0,0,0,0,0,0,0
347,KRYSTIAN BIELIK,216,2,0,0,0.17,0,0,0.05,96,86,3,5,10,0,0,0,0,0,3,33
348,KRZYSZTOF PIATEK,26,1,0,0,0.03,0,0,0.00,6,33,0,0,1,0,0,0,0,0,0,0
349,KRÉPIN DIATTA,182,3,1,0,0.13,3,0,0.17,68,84,0,0,11,2,0,2,0,4,3,33
350,KWON CHANG-HOON,57,0,0,0,0.00,1,0,0.22,21,76,0,0,3,0,0,0,0,0,0,0
351,KWON KYUNG-WON,91,1,0,0,0.02,0,0,0.01,41,90,0,2,2,1,0,0,0,1,0,0
352,KYE ROWLES,360,0,0,0,0.00,0,0,0.01,180,88,2,7,12,0,0,0,0,0,0,0
353,KYLE WALKER,237,0,0,0,0.00,0,0,0.08,152,91,1,3,10,0,0,0,0,0,4,50
354,KYLIAN MBAPPÉ,597,29,14,6,3.68,11,2,1.21,196,82,0,0,20,7,1,8,1,17,56,44
355,LAUTARO MARTÍNEZ,238,14,4,0,1.86,1,0,0.05,53,70,0,1,13,4,0,0,0,4,6,33
356,LEANDER DENDONCKER,162,1,0,0,0.08,1,0,0.33,119,97,3,0,6,0,0,1,0,1,1,0
357,LEANDRO PAREDES,224,1,1,0,0.03,1,0,0.13,233,94,4,3,19,0,0,0,0,0,1,0
358,LEANDRO TROSSARD,102,0,0,0,0.00,2,0,0.03,54,78,1,0,7,0,0,0,0,0,5,0
359,LEE JAE-SUNG,214,1,0,0,0.02,2,0,0.06,96,88,2,3,7,0,0,0,0,0,3,66
360,LEE KANG-IN,145,5,1,0,0.16,4,1,0.27,62,94,3,0,6,2,0,1,0,3,2,50
361,LEON GORETZKA,158,4,1,0,0.45,1,0,0.14,54,78,3,1,12,0,0,0,0,0,1,0
362,LEROY SANÉ,110,3,0,0,0.12,4,1,1.86,56,82,1,0,6,2,0,2,0,4,7,42
363,LIAM MILLAR,9,0,0,0,0.00,0,0,0.00,6,50,0,0,0,0,0,0,0,0,0,0
364,LIONEL MESSI,690,29,17,3,2.68,17,2,1.64,323,85,3,0,22,10,0,6,1,17,40,37
365,LISANDRO MARTÍNEZ,301,1,0,0,0.12,1,0,0.03,145,86,2,3,6,0,0,0,0,0,1,0
366,LOVRO MAJER,128,4,2,1,0.70,2,0,0.25,88,83,1,0,10,2,0,0,0,2,2,0
367,LOÏS OPENDA,12,0,0,0,0.00,0,0,0.00,4,75,0,0,1,0,0,0,0,0,1,100
368,LUCAS CAVALLINI,18,0,0,0,0.00,0,0,0.08,1,100,0,0,0,0,0,0,0,0,0,0
369,LUCAS HERNÁNDEZ,13,0,0,0,0.00,0,0,0.00,9,56,1,0,1,0,0,0,0,0,0,0
370,LUCAS PAQUETÁ,315,4,4,1,0.83,6,1,0.63,189,85,5,2,13,0,0,0,0,0,2,0
371,LUIS CHÁVEZ,270,10,4,1,0.29,2,0,0.50,114,78,0,1,15,3,0,2,0,5,6,33
372,LUIS SUÁREZ,147,2,1,0,0.42,1,1,0.12,37,59,0,0,3,1,0,0,0,1,3,66
373,LUKA JOVIC,35,2,0,0,0.05,2,0,0.06,9,56,0,1,0,0,0,0,0,0,0,0
374,LUKA MODRIC,656,6,4,0,0.35,4,0,0.56,484,89,10,10,51,2,0,3,0,5,17,35
375,LUKAS KLOSTERMANN,65,0,0,0,0.00,0,0,0.05,42,100,1,0,6,0,0,0,0,0,0,0
376,LUKE SHAW,425,3,1,0,0.10,7,1,0.77,333,86,1,4,21,1,0,1,0,2,2,100
377,LUUK DE JONG,56,1,0,0,0.08,0,0,0.01,10,60,1,0,2,0,0,0,0,0,1,0
378,MAJID HOSSEINI,270,0,0,0,0.00,0,0,0.01,100,80,4,6,22,0,0,0,0,0,0,0
379,MANUEL AKANJI,360,4,1,1,1.10,1,0,0.07,245,88,2,3,18,0,0,0,0,0,0,0
380,MARCELO BROZOVIC,554,4,2,0,0.53,5,0,0.16,509,88,7,4,45,1,0,1,0,2,8,37
381,MARCO ASENSIO,231,10,2,1,1.21,1,0,0.14,105,80,1,0,3,6,0,0,0,6,3,0
382,MARCOS ACUÑA,374,2,0,0,0.08,3,0,0.33,169,81,8,2,16,1,0,2,0,3,9,22
383,MARCOS LLORENTE,120,1,0,0,0.02,0,0,0.02,87,91,0,0,9,0,0,0,0,0,1,0
384,MARCUS RASHFORD,137,11,6,3,1.61,0,0,0.04,64,75,0,1,8,3,2,0,0,5,9,55
385,MARCUS THURAM,147,1,0,0,0.22,4,2,0.11,38,68,2,0,8,0,0,1,0,1,14,42
386,MARIO GÖTZE,34,1,1,0,0.09,2,0,0.12,21,90,0,0,0,0,0,0,0,0,2,0
387,MARIO PASALIC,267,3,0,0,0.27,1,0,0.24,94,80,5,3,21,0,0,0,0,0,4,0
388,MARK-ANTHONY KAYE,60,1,0,0,0.04,0,0,0.01,59,83,1,0,4,0,0,0,0,0,0,0
389,MARKO GRUJIC,11,1,1,0,0.04,0,0,0.01,16,81,1,0,2,0,0,0,0,0,1,0
390,MARKO LIVAJA,242,6,4,1,0.78,3,1,0.08,54,59,2,1,10,0,0,1,1,2,2,0
391,MARQUINHOS,426,2,0,0,0.16,4,0,1.13,354,96,4,2,28,0,0,1,0,1,2,50
392,MARTEN DE ROON,185,0,0,0,0.00,0,0,0.03,115,82,5,2,8,0,0,0,0,0,0,0
393,MARTIN BRAITHWAITE,104,1,0,0,0.07,3,0,0.06,19,68,0,0,1,0,0,0,0,0,2,50
394,MARTIN HONGLA,123,1,1,0,0.05,2,0,0.10,59,83,0,2,3,0,0,1,0,1,3,66
395,MARTÍN CÁCERES,90,0,0,0,0.00,0,0,0.01,66,85,0,0,3,0,0,0,0,0,1,100
396,MASON MOUNT,186,4,1,0,0.21,1,0,0.05,67,87,2,0,7,1,0,0,0,1,3,66
397,MATEO KOVACIC,638,3,1,0,0.34,9,0,1.21,443,91,17,4,46,0,0,4,0,4,20,55
398,MATHEUS NUNES,73,1,0,0,0.02,1,0,0.03,29,93,0,0,0,1,0,1,0,2,2,50
399,MATHEW LECKIE,336,1,1,1,0.15,2,1,0.05,97,68,4,1,15,1,1,0,0,2,12,8
400,MATHIAS JENSEN,84,2,1,0,0.11,3,0,0.09,61,82,0,0,5,1,0,1,0,2,1,100
401,MATHÍAS OLIVERA,255,2,0,0,0.09,5,0,0.52,101,74,5,2,15,1,0,0,0,1,3,0
402,MATTHIAS GINTER,1,0,0,0,0.00,0,0,0.00,3,100,0,0,0,0,0,0,0,0,0,0
403,MATTHIJS DE LIGT,91,0,0,0,0.00,0,0,0.01,43,91,0,0,3,0,0,0,0,0,0,0
404,MATTY CASH,360,1,0,0,0.04,2,0,0.47,118,80,3,0,10,0,0,1,0,1,5,20
405,MATTÉO GUENDOUZI,79,0,0,0,0.00,0,0,0.01,30,80,1,0,4,0,0,0,0,0,0,0
406,MATÍAS VECINO,196,1,1,0,0.10,0,0,0.03,104,72,3,4,18,0,0,0,0,0,0,0
407,MATÍAS VIÑA,15,0,0,0,0.00,0,0,0.00,15,47,3,0,1,0,0,0,0,0,1,100
408,MAXIMILIANO GÓMEZ,28,2,1,0,0.09,0,0,0.03,7,71,0,0,0,1,0,0,0,1,0,0
409,MAYA YOSHIDA,390,0,0,0,0.00,1,1,0.03,227,85,4,3,30,0,0,0,0,0,2,50
410,MEHDI TAREMI,270,5,3,1,0.55,9,1,0.08,71,72,3,2,13,1,0,2,1,4,10,10
411,MEHDI TORABI,59,2,0,0,0.12,3,0,0.20,35,83,0,2,6,0,0,0,0,0,2,50
412,MEMPHIS DEPAY,300,10,5,1,1.47,3,0,0.44,111,76,1,1,10,2,0,0,0,2,13,15
413,MICHAEL ESTRADA,227,3,0,0,0.31,1,0,0.36,48,57,0,0,5,0,0,1,0,1,3,66
414,MICHAL SKÓRAS,45,1,0,0,0.02,0,0,0.00,9,89,0,1,1,0,0,0,0,0,1,0
415,MICHEL AEBISCHER,14,0,0,0,0.00,0,0,0.00,4,50,0,0,0,0,0,0,0,0,0,0
416,MICHY BATSHUAYI,153,6,2,1,0.76,1,0,0.02,22,64,0,0,4,0,0,0,0,0,3,33
417,MIKI YAMANE,62,0,0,0,0.00,1,0,0.15,26,77,0,2,5,0,0,0,0,0,1,100
418,MIKKEL DAMSGAARD,149,0,0,0,0.00,2,0,0.23,69,77,2,2,10,0,0,0,0,0,2,0
419,MILAD MOHAMMADI,198,0,0,0,0.00,0,0,0.01,54,63,3,1,11,0,0,0,0,0,2,0
420,MILOS DEGENEK,182,0,0,0,0.00,0,0,0.01,70,71,4,1,15,0,0,0,0,0,2,0
421,MILOS VELJKOVIC,223,0,0,0,0.00,0,0,0.01,111,87,1,0,12,0,0,0,0,0,0,0
422,MISLAV ORSIC,160,9,2,1,0.35,5,2,0.63,49,80,3,0,4,4,0,1,1,6,4,25
423,MITCHELL DUKE,274,7,4,1,0.36,1,0,0.02,59,56,0,2,11,1,0,0,0,1,3,33
424,MOHAMED ALI BEN ROMDHANE,74,0,0,0,0.00,0,0,0.01,20,70,4,0,10,0,0,0,0,0,4,25
425,MOHAMED DRÄGER,133,4,0,0,0.20,1,0,0.08,30,63,3,1,2,0,0,1,0,1,2,50
426,MOHAMMED AL BURAYK,66,2,1,0,0.37,1,0,0.08,41,85,0,1,3,1,0,0,0,1,0,0
427,MOHAMMED KANNO,270,6,1,0,0.29,0,0,0.11,142,80,2,2,19,1,0,0,0,1,10,50
428,MOHAMMED KUDUS,249,8,4,2,0.83,0,0,0.05,75,75,4,1,22,3,0,0,0,3,16,62
429,MOHAMMED MUNTARI,60,3,1,1,0.21,1,0,0.00,19,89,2,0,4,1,0,0,0,1,0,0
430,MOHAMMED SALISU,270,2,1,1,0.77,2,0,0.35,144,72,1,3,15,0,0,0,0,0,0,0
431,MOHAMMED WAAD,26,0,0,0,0.00,0,0,0.00,11,73,0,1,1,0,0,0,0,0,1,100
432,MOISÉS CAICEDO,269,3,1,1,0.52,0,0,0.04,149,82,5,2,14,0,0,0,0,0,0,0
433,MONTASSAR TALBI,270,1,1,0,0.02,0,0,0.05,133,87,2,2,16,0,0,0,0,0,1,0
434,MORTEZA POURALIGANJI,270,2,0,0,0.08,2,0,0.18,120,73,2,6,16,0,0,0,0,0,0,0
435,MOUMI NGAMALEU,95,0,0,0,0.00,1,0,0.14,23,83,1,0,5,0,0,1,0,1,5,40
436,MUSAAB KHIDIR,5,0,0,0,0.00,0,0,0.00,1,100,1,0,0,0,0,0,0,0,0,0
437,NA SANG-HO,120,1,1,0,0.03,3,0,0.05,28,79,1,0,5,0,0,0,0,0,6,0
438,NADER GHANDRI,90,0,0,0,0.00,0,0,0.00,32,81,2,1,2,0,0,0,0,0,0,0
439,NAHUEL MOLINA,568,2,1,1,0.47,3,1,0.28,288,81,4,3,23,0,0,0,0,0,3,33
440,NAMPALYS MENDY,273,2,0,0,0.06,1,0,0.06,154,89,4,3,18,1,0,0,0,1,1,100
441,NASSER AL DAWSARI,4,0,0,0,0.00,1,0,0.07,10,100,1,0,1,0,0,0,0,0,0,0
442,NATHAN AKÉ,479,0,0,0,0.00,0,0,0.05,334,90,3,8,21,0,0,0,0,0,2,0
443,NATHANIEL ATKINSON,85,0,0,0,0.00,0,0,0.00,24,75,3,1,6,0,0,0,0,0,2,0
444,NAWAF AL ABID,87,2,0,0,0.13,1,0,0.04,36,89,0,1,2,0,0,0,0,0,3,33
445,NAYEF AGUERD,354,1,0,0,0.17,1,0,0.01,148,88,2,4,18,0,0,0,0,0,0,0
446,NAÏM SLITI,113,1,0,0,0.14,2,0,0.10,34,74,1,0,8,1,0,0,0,1,8,62
447,NECO WILLIAMS,205,3,0,0,0.09,1,0,0.03,70,66,3,4,16,1,0,0,0,1,8,12
448,NEMANJA GUDELJ,92,0,0,0,0.00,0,0,0.01,51,84,2,2,6,0,0,0,0,0,0,0
449,NEMANJA MAKSIMOVIC,120,0,0,0,0.00,3,0,0.13,53,87,2,3,6,0,0,1,0,1,0,0
450,NEMANJA RADONJIC,57,2,0,0,0.10,1,0,0.04,14,71,0,0,6,1,0,0,0,1,5,0
451,NEYMAR,281,11,7,1,1.93,4,1,0.18,131,79,0,1,11,2,0,1,0,3,25,24
452,NICLAS FÜLLKRUG,66,8,3,2,2.19,1,1,0.20,21,56,0,0,2,0,0,0,0,0,1,100
453,NICO ELVEDI,180,1,0,0,0.08,0,0,0.02,139,92,0,1,15,0,0,0,0,0,0,0
454,NICO SCHLOTTERBECK,93,0,0,0,0.00,2,0,0.08,116,91,3,1,10,0,0,1,0,1,2,0
455,NICO WILLIAMS,145,1,0,0,0.11,0,0,0.15,54,89,2,0,7,0,0,0,0,0,16,31
456,NICOLA ZALEWSKI,64,0,0,0,0.00,0,0,0.02,15,87,0,0,5,0,0,0,0,0,2,0
457,NICOLAS JACKSON,17,0,0,0,0.00,0,0,0.01,10,90,0,0,3,0,0,0,0,0,0,0
458,NICOLAS NKOULOU,180,3,1,0,0.28,0,0,0.03,89,88,0,5,11,0,0,0,0,0,0,0
459,NICOLÁS OTAMENDI,690,1,0,0,0.03,2,1,0.24,565,92,6,9,39,0,0,0,0,0,0,0
460,NICOLÁS TAGLIAFICO,371,3,2,0,1.01,2,0,0.15,137,83,7,9,12,1,0,1,0,2,4,0
461,NICOLÁS DE LA CRUZ,36,1,1,0,0.04,0,0,0.03,21,86,0,0,4,0,0,0,0,0,1,0
462,NIKLAS SÜLE,269,1,0,0,0.11,0,0,0.10,238,91,4,0,17,0,0,0,0,0,0,0
463,NIKOLA MILENKOVIC,270,3,0,0,0.18,0,0,0.02,159,87,5,6,18,0,0,0,0,0,0,0
464,NIKOLA VLASIC,205,5,1,0,0.43,0,0,0.12,51,86,1,1,10,2,0,0,0,2,9,33
465,NOA LANG,7,0,0,0,0.00,0,0,0.00,2,50,0,1,1,0,0,0,0,0,0,0
466,NOAH OKAFOR,43,1,0,0,0.03,1,0,0.01,22,77,0,0,4,1,0,0,0,1,4,0
467,NOUHOU TOLO,270,0,0,0,0.00,0,0,0.04,82,79,5,6,17,0,0,0,0,0,5,20
468,NOUSSAIR MAZRAOUI,367,4,2,0,0.15,1,0,0.07,94,82,9,1,21,0,0,0,0,0,5,20
469,NUNO MENDES,42,0,0,0,0.00,1,0,0.04,25,92,0,2,2,0,0,1,0,1,2,50
470,NÉSTOR ARAÚJO,90,0,0,0,0.00,0,0,0.04,46,80,1,3,6,0,0,0,0,0,0,0
471,OLIVIER GIROUD,423,16,6,4,3.43,2,0,0.32,66,62,0,1,7,1,0,0,0,1,0,0
472,OLIVIER NTCHAM,22,1,1,0,0.04,1,0,0.03,12,92,0,0,1,1,0,0,0,1,2,100
473,ORBELÍN PINEDA,77,4,1,0,0.32,1,0,0.01,25,72,3,0,4,2,0,0,0,2,2,0
474,OSMAN BUKARI,58,3,1,1,0.50,1,0,0.04,18,78,0,1,2,0,0,0,0,0,2,0
475,OTÁVIO,199,3,2,0,0.11,4,0,0.53,117,78,7,1,16,0,0,0,0,0,0,0
476,OUSMANE DEMBÉLÉ,438,8,2,0,0.48,11,2,1.01,171,80,6,2,26,2,0,3,1,6,24,37
477,PABLO SARABIA,2,1,0,0,0.11,2,0,0.02,2,50,0,0,0,0,0,0,0,0,0,0
478,PAIK SEUNG-HO,25,1,1,1,0.04,0,0,0.01,27,74,2,0,4,0,0,0,0,0,0,0
479,PAPE ABOU CISSÉ,104,0,0,0,0.00,0,0,0.01,36,78,0,2,2,0,0,0,0,0,1,100
480,PAPE GUEYE,152,4,2,0,0.11,2,0,0.05,54,70,2,2,5,2,0,1,0,3,1,0
481,PAPE SARR,58,4,0,0,0.12,0,0,0.02,35,89,2,0,3,0,0,0,0,0,2,0
482,PAPU GÓMEZ,109,2,0,0,0.04,0,0,0.03,55,95,0,1,6,1,0,0,0,1,2,50
483,PATHÉ CISS,145,1,0,0,0.04,0,0,0.02,57,81,3,2,10,0,0,0,0,0,3,33
484,PAU TORRES,90,0,0,0,0.00,0,0,0.04,189,92,0,0,6,0,0,0,0,0,0,0
485,PAULO DYBALA,17,0,0,0,0.00,1,0,0.11,12,67,1,0,1,0,0,0,0,0,2,50
486,PEDRI,357,0,0,0,0.00,5,0,0.94,426,91,2,4,27,0,0,1,0,1,11,54
487,PEDRO,62,4,1,0,0.53,0,0,0.00,10,70,2,1,2,0,0,0,0,0,1,0
488,PEDRO MIGUEL,263,2,0,0,0.05,0,0,0.07,91,70,4,8,14,0,0,0,0,0,4,50
489,PEPE,360,3,1,1,0.44,0,0,0.04,286,84,0,6,28,0,0,0,0,0,1,100
490,PERVIS ESTUPIÑÁN,270,1,1,0,0.07,3,0,0.26,134,83,3,3,21,1,0,0,0,1,8,25
491,PHIL FODEN,259,6,1,1,1.08,4,2,0.31,101,82,1,1,9,0,0,2,1,3,6,50
492,PIERO HINCAPIÉ,270,0,0,0,0.00,0,0,0.02,192,85,4,2,13,0,0,0,0,0,0,0
493,PIERRE KUNDE,135,5,2,0,0.22,0,0,0.06,39,82,2,4,13,3,0,0,0,3,1,0
494,PIERRE-EMILE HØJBJERG,270,2,1,0,0.03,1,0,0.12,215,89,2,3,26,0,0,1,0,1,2,50
495,PIOTR ZIELINSKI,330,3,2,1,0.57,2,0,0.09,126,84,5,1,17,0,0,2,0,2,5,20
496,PRZEMYSLAW FRANKOWSKI,240,1,0,0,0.03,1,0,0.15,65,72,4,3,12,0,0,0,0,0,4,50
497,RAFAEL LEÃO,83,5,2,2,0.41,1,0,0.23,41,76,0,1,5,3,1,0,0,4,9,66
498,RAHEEM STERLING,150,1,1,1,0.37,1,1,0.06,53,85,1,1,8,0,0,1,1,2,4,50
499,RAMIN REZAEIAN,180,2,1,1,0.27,1,0,0.41,76,74,5,3,22,2,1,0,0,3,1,100
500,RANDAL KOLO MUANI,180,4,2,1,1.12,0,0,0.04,39,59,5,1,8,1,0,0,0,1,10,30
501,RAPHAËL GUERREIRO,279,3,1,1,0.36,5,2,0.55,145,88,2,3,17,2,1,0,0,3,3,66
502,RAPHAËL VARANE,521,3,0,0,0.35,0,0,0.03,277,90,0,6,17,0,0,0,0,0,1,100
503,RAPHINHA,317,8,6,0,1.21,6,0,0.65,120,83,6,3,11,3,0,2,0,5,16,25
504,RASMUS KRISTENSEN,224,0,0,0,0.00,1,0,0.07,145,79,7,1,15,0,0,0,0,0,5,20
505,RAÚL JIMÉNEZ,56,0,0,0,0.00,0,0,0.03,26,65,0,1,2,0,0,0,0,0,0,0
506,REMO FREULER,324,3,2,1,0.50,0,0,0.05,146,83,5,3,19,0,0,0,0,0,4,0
507,RENATO STEFFEN,31,0,0,0,0.00,0,0,0.07,14,86,0,0,5,0,0,0,0,0,0,0
508,RICARDO HORTA,117,3,2,1,0.76,1,0,0.09,39,74,1,1,6,0,0,0,0,0,0,0
509,RICARDO RODRÍGUEZ,359,0,0,0,0.00,2,0,0.25,182,75,2,0,16,0,0,1,0,1,0,0
510,RICHARLISON,326,8,4,3,2.11,6,0,0.36,53,70,2,1,13,1,0,0,0,1,5,0
511,RICHIE LARYEA,161,2,0,0,0.07,4,0,0.34,45,76,1,0,11,1,0,1,0,2,8,25
512,RILEY MCGREE,269,3,1,0,0.14,3,1,0.21,69,77,1,5,11,2,0,0,0,2,1,0
513,RITSU DOAN,218,4,3,2,0.50,2,0,0.28,44,68,5,3,11,1,0,0,0,1,9,44
514,RIYADH SHARAHILI,53,0,0,0,0.00,1,0,0.01,16,81,0,2,3,0,0,1,0,1,2,50
515,ROAN WILSON,1,0,0,0,0.00,0,0,0.00,4,100,0,0,1,0,0,0,0,0,0,0
516,ROBERT LEWANDOWSKI,360,12,3,1,1.35,5,1,0.45,87,70,2,1,14,2,0,3,1,6,13,38
517,ROBERT SKOV,21,0,0,0,0.00,0,0,0.37,15,100,0,0,2,0,0,0,0,0,1,0
518,ROBERTO ALVARADO,17,0,0,0,0.00,0,0,0.00,7,56,0,0,0,0,0,0,0,0,2,0
519,RODRI,390,1,0,0,0.02,4,0,0.23,676,93,2,3,35,1,0,0,0,1,0,0
520,RODRIGO BENTANCUR,214,3,1,0,0.62,2,0,0.14,150,85,8,7,35,1,0,0,0,1,6,50
521,RODRIGO DE PAUL,602,7,3,0,0.91,7,0,0.44,520,85,6,7,42,0,0,0,0,0,11,9
522,RODRYGO,179,6,2,0,0.44,5,1,0.58,97,86,1,2,11,0,0,1,0,1,11,18
523,ROGELIO FUNES MORI,4,1,0,0,0.07,0,0,0.00,0,0,0,0,0,0,0,0,0,0,0,0
524,ROMAIN SAÏSS,468,1,1,1,0.80,0,0,0.03,185,80,2,3,28,0,0,0,0,0,2,50
525,ROMARIO IBARRA,69,2,1,0,0.14,0,0,0.01,14,71,0,1,3,1,0,0,0,1,1,100
526,ROMELU LUKAKU,54,5,2,0,1.73,1,0,0.06,7,56,0,0,1,0,0,0,0,0,1,100
527,RONALD MATARRITA,24,0,0,0,0.00,0,0,0.00,23,65,0,0,4,0,0,0,0,0,1,100
528,ROOZBEH CHESHMI,57,1,1,1,0.05,0,0,0.00,10,60,0,2,4,0,0,0,0,0,0,0
529,RUBIN COLWILL,9,1,0,0,0.02,0,0,0.00,4,50,0,0,1,0,0,0,0,0,0,0
530,RUBÉN VARGAS,289,3,1,0,0.34,2,1,0.32,95,73,0,1,11,0,0,0,0,0,7,14
531,RÚBEN DIAS,360,1,0,0,0.03,0,0,0.03,255,90,4,3,15,0,0,0,0,0,0,0
532,RÚBEN NEVES,271,2,0,0,0.09,2,0,0.10,249,92,1,3,12,0,0,0,0,0,0,0
533,SADEGH MOHARRAMI,90,0,0,0,0.00,0,0,0.01,16,69,1,1,6,0,0,0,0,0,2,50
534,SAEID EZATOLAHI,218,3,1,0,0.10,2,0,0.37,79,76,1,2,17,2,0,1,0,3,1,0
535,SALEH AL SHEHRI,226,2,2,1,0.09,2,0,0.04,38,55,1,0,7,0,0,0,0,0,3,0
536,SALEM AL DAWSARI,270,8,4,2,0.97,5,0,0.26,104,81,4,1,16,2,1,3,0,6,10,20
537,SALIS ABDUL SAMED,251,1,0,0,0.02,1,0,0.05,139,91,2,4,15,0,0,0,0,0,4,75
538,SALMAN AL FARAJ,45,0,0,0,0.00,0,0,0.04,12,67,0,0,1,0,0,0,0,0,0,0
539,SAMAN GHODDOS,45,1,0,0,0.18,1,0,0.03,16,88,0,0,1,0,0,0,0,0,0,0
540,SAMI AL NAJI,45,0,0,0,0.00,0,0,0.01,16,75,0,0,2,0,0,0,0,0,0,0
541,SAMUEL ADEKUGBE,94,0,0,0,0.00,1,0,0.14,57,93,0,1,3,0,0,0,0,0,2,50
542,SAMUEL OUM GOUET,99,0,0,0,0.00,0,0,0.02,58,90,1,0,10,0,0,0,0,0,0,0
543,SARDAR AZMOUN,126,5,3,0,0.96,1,0,0.20,27,59,0,0,3,2,0,0,0,2,1,0
544,SASA LUKIC,246,1,0,0,0.06,0,0,0.10,158,88,0,1,19,0,0,0,0,0,1,0
545,SAUD ABDULHAMID,270,1,0,0,0.02,2,0,0.10,85,76,2,2,14,0,0,0,0,0,5,40
546,SEBASTIAN SZYMANSKI,136,0,0,0,0.00,0,0,0.11,38,66,3,2,6,0,0,0,0,0,2,50
547,SEBASTIÁN COATES,180,1,0,0,0.10,0,0,0.03,90,81,0,1,9,0,0,0,0,0,0,0
548,SELIM AMALLAH,409,2,0,0,0.21,3,0,0.12,84,76,9,8,12,0,0,2,0,2,6,16
549,SERGE GNABRY,264,12,4,1,1.09,6,1,0.66,105,75,2,2,11,2,0,1,1,4,5,60
550,SERGEJ MILINKOVIC-SAVIC,236,3,1,1,0.17,0,0,0.23,117,72,1,2,18,0,0,0,0,0,6,50
551,SERGIO BUSQUETS,364,2,0,0,0.14,3,0,0.23,278,90,4,1,28,1,0,1,0,2,1,100
552,SERGIÑO DEST,309,6,0,0,0.24,3,1,0.51,167,90,2,2,13,5,0,1,0,6,14,35
553,SHAQ MOORE,20,0,0,0,0.00,0,0,0.01,20,65,2,0,2,0,0,0,0,0,0,0
554,SHOGO TANIGUCHI,210,2,0,0,0.25,0,0,0.01,81,84,0,1,8,0,0,0,0,0,0,0
555,SILVAN WIDMER,266,1,0,0,0.02,2,1,0.87,135,75,6,2,13,0,0,1,0,1,2,50
556,SIMON KJAER,65,0,0,0,0.00,0,0,0.02,59,85,0,5,6,0,0,0,0,0,0,0
557,SOFIANE BOUFAL,482,7,1,0,0.25,4,0,0.45,123,76,5,2,20,4,0,1,0,5,27,51
558,SOFYAN AMRABAT,660,1,0,0,0.03,2,0,0.08,305,85,10,6,57,0,0,0,0,0,5,0
559,SON HEUNG-MIN,360,9,3,0,0.42,3,1,0.55,86,76,2,2,16,3,0,2,1,6,16,18
560,SON JUN-HO,70,0,0,0,0.00,0,0,0.02,58,93,3,3,9,0,0,0,0,0,0,0
561,SORBA THOMAS,1,0,0,0,0.00,0,0,0.02,2,100,1,0,1,0,0,0,0,0,1,0
562,SRDJAN BABIC,12,0,0,0,0.00,0,0,0.00,15,60,0,0,1,0,0,0,0,0,0,0
563,STEFAN MITROVIC,34,0,0,0,0.00,0,0,0.00,21,86,0,0,1,0,0,0,0,0,0,0
564,STEPHEN EUSTÁQUIO,126,3,0,0,0.18,2,0,0.32,89,91,2,2,10,1,0,0,0,1,1,100
565,STEVEN BERGHUIS,199,5,0,0,0.25,2,1,0.14,113,80,1,0,8,1,0,0,0,1,4,25
566,STEVEN BERGWIJN,214,2,0,0,0.51,0,0,0.25,71,89,1,0,4,0,0,0,0,0,4,25
567,STEVEN VITÓRIA,270,0,0,0,0.00,0,0,0.03,182,86,3,0,18,0,0,0,0,0,1,0
568,STRAHINJA PAVLOVIC,236,2,1,1,0.17,0,0,0.06,151,77,2,1,18,0,0,0,0,0,3,66
569,SULTAN AL GHANNAM,125,2,0,0,0.16,1,0,0.12,30,70,0,2,4,0,0,0,0,0,3,0
570,TAHA YASSINE KHENISSI,27,1,0,0,0.02,1,0,0.03,6,33,0,0,0,0,0,0,0,0,0,0
571,TAJON BUCHANAN,261,5,0,0,0.95,4,1,0.54,73,71,1,3,14,0,0,2,1,3,28,25
572,TAKEFUSA KUBO,90,0,0,0,0.00,0,0,0.04,11,55,1,0,4,0,0,0,0,0,0,0
573,TAKEHIRO TOMIYASU,186,0,0,0,0.00,3,0,0.06,91,71,0,0,12,0,0,0,0,0,0,0
574,TAKUMA ASANO,162,8,2,1,0.66,2,0,0.04,27,78,0,1,8,3,1,1,0,5,2,0
575,TAKUMI MINAMINO,57,2,1,0,0.12,0,0,0.01,18,67,1,0,4,0,0,0,0,0,0,0
576,TAREK SALMAN,7,0,0,0,0.00,0,0,0.00,9,78,0,1,1,0,0,0,0,0,0,0
577,TARIQ LAMPTEY,102,1,0,0,0.06,0,0,0.02,21,67,1,1,8,0,0,0,0,0,3,0
578,TEUN KOOPMEINERS,217,2,1,0,0.08,1,0,0.04,110,78,5,4,12,0,0,0,0,0,3,33
579,THEO HERNÁNDEZ,508,5,2,1,0.40,10,1,1.01,273,86,13,4,30,0,0,3,0,3,5,40
580,THIAGO ALMADA,6,0,0,0,0.00,1,0,0.08,13,100,0,0,0,0,0,0,0,0,0,0
581,THIAGO SILVA,390,2,0,0,0.16,4,1,0.64,329,94,1,5,17,0,0,1,0,1,1,0
582,THILO KEHRER,70,0,0,0,0.00,0,0,0.00,24,79,2,3,3,0,0,0,0,0,0,0
583,THOMAS DELANEY,45,0,0,0,0.00,0,0,0.00,27,81,1,0,2,0,0,0,0,0,0,0
584,THOMAS MEUNIER,213,3,1,0,0.21,3,0,0.04,124,78,6,2,13,1,0,1,0,2,3,33
585,THOMAS MÜLLER,203,3,0,0,0.31,8,0,0.48,68,74,2,1,1,1,0,1,0,2,0,0
586,THOMAS PARTEY,270,2,0,0,0.21,2,0,0.16,170,84,5,0,21,0,0,0,0,0,4,75
587,THORGAN HAZARD,106,0,0,0,0.00,4,0,0.55,40,75,2,0,6,0,0,1,0,1,2,0
588,TIM REAM,360,1,1,0,0.30,0,0,0.04,269,88,3,4,19,0,0,0,0,0,2,100
589,TIMOTHY CASTAGNE,270,0,0,0,0.00,0,0,0.06,180,88,4,2,9,0,0,0,0,0,2,0
590,TIMOTHY WEAH,320,5,3,1,0.65,6,0,0.19,99,87,0,0,10,1,0,2,0,3,2,100
591,TOBY ALDERWEIRELD,270,0,0,0,0.00,1,1,0.42,267,91,2,0,8,0,0,0,0,0,1,0
592,TRENT ALEXANDER-ARNOLD,33,0,0,0,0.00,0,0,0.02,20,95,0,0,1,0,0,0,0,0,0,0
593,TYLER ADAMS,360,1,0,0,0.02,2,0,0.38,253,90,9,4,33,0,0,0,0,0,1,100
594,URIEL ANTUNA,75,2,2,0,0.15,1,0,0.13,12,83,3,0,1,1,0,1,0,2,1,0
595,VICTOR NELSSON,90,0,0,0,0.00,0,0,0.01,71,93,0,2,3,0,0,0,0,0,0,0
596,VINCENT ABOUBAKAR,140,6,3,2,0.59,2,1,0.32,31,65,0,0,3,3,0,2,1,6,7,71
597,VINCENT JANSSEN,86,2,0,0,0.09,1,0,0.05,19,79,0,0,2,0,0,0,0,0,1,100
598,VINÍCIUS JÚNIOR,302,9,4,1,1.00,8,2,0.79,76,87,1,0,12,1,0,5,2,8,16,31
599,VIRGIL VAN DIJK,480,3,0,0,0.19,1,0,0.11,336,88,1,4,31,0,0,0,0,0,0,0
600,VITINHA,118,2,2,0,0.07,0,0,0.09,103,94,2,1,4,0,0,0,0,0,2,50
601,WAHBI KHAZRI,82,5,3,1,0.43,0,0,0.02,16,75,0,0,5,2,1,0,0,3,3,0
602,WAJDI KECHRIDA,109,0,0,0,0.00,1,0,0.11,43,57,3,0,6,0,0,0,0,0,4,0
603,WALID CHEDDIRA,62,2,1,0,0.47,0,0,0.00,8,50,0,0,0,1,0,0,0,1,1,0
604,WALKER ZIMMERMAN,278,1,0,0,0.07,0,0,0.02,239,89,2,4,17,0,0,0,0,0,0,0
605,WATARU ENDO,303,6,1,0,0.18,4,0,0.37,186,81,4,3,22,0,0,0,0,0,6,16
606,WESTON MCKENNIE,275,5,1,0,0.40,4,0,0.19,140,77,1,0,14,0,0,0,0,0,2,50
607,WILLIAM CARVALHO,214,1,0,0,0.07,0,0,0.04,164,92,5,0,15,0,0,0,0,0,0,0
608,WILLIAM SALIBA,27,0,0,0,0.00,1,0,0.01,37,100,0,0,3,0,0,0,0,0,1,100
609,WOUT WEGHORST,61,2,2,2,0.19,1,0,0.01,15,60,0,0,2,0,0,0,0,0,0,0
610,XAVI SIMONS,7,0,0,0,0.00,0,0,0.14,10,60,0,0,0,0,0,0,0,0,0,0
611,XHERDAN SHAQIRI,231,4,2,1,0.30,3,1,1.00,84,74,0,0,6,1,0,0,0,1,3,0
612,YAHYA ATTIAT-ALLAH,316,2,0,0,0.23,5,1,0.30,102,76,2,0,21,0,0,3,1,4,2,0
613,YAHYA JABRANE,13,0,0,0,0.00,0,0,0.00,4,50,0,0,3,0,0,0,0,0,0,0
614,YANNICK CARRASCO,117,4,0,0,0.29,0,0,0.05,41,90,4,1,8,1,0,0,0,1,3,33
615,YASIR AL SHAHRANI,89,0,0,0,0.00,0,0,0.00,21,38,1,6,5,0,0,0,0,0,0,0
616,YASSINE MERIAH,270,1,0,0,0.07,1,0,0.03,161,83,2,1,16,0,0,0,0,0,4,50
617,YELTSIN TEJEDA,269,2,2,1,0.43,1,1,0.04,97,79,2,1,14,0,0,1,1,2,2,0
618,YOURI TIELEMANS,93,0,0,0,0.00,1,0,0.07,59,83,1,2,9,0,0,0,0,0,0,0
619,YOUSSEF EN-NESYRI,547,9,3,2,1.24,1,0,0.03,70,59,2,1,13,1,1,0,0,2,8,62
620,YOUSSEF MSAKNI,170,9,2,0,0.54,4,0,0.58,59,71,1,0,9,2,0,1,0,3,7,57
621,YOUSSOUF FOFANA,225,4,0,0,0.16,1,0,0.12,110,85,5,3,17,2,0,1,0,3,2,100
622,YOUSSOUF SABALY,360,2,1,0,0.04,7,0,0.72,184,87,6,4,27,0,0,2,0,2,10,40
623,YOUSSOUFA MOUKOKO,1,0,0,0,0.00,0,0,0.00,1,100,0,0,1,0,0,0,0,0,0,0
624,YOUSTIN SALAS,46,0,0,0,0.00,0,0,0.00,15,73,1,0,5,0,0,0,0,0,2,50
625,YUKI SOMA,82,3,0,0,0.19,0,0,0.01,9,78,0,0,2,1,0,0,0,1,2,50
626,YUNUS MUSAH,345,4,1,0,0.31,3,0,0.20,171,87,6,2,23,1,0,1,0,2,12,33
627,YUTO NAGATOMO,211,0,0,0,0.00,1,0,0.05,82,74,2,0,11,0,0,1,0,1,4,75
628,ZAKARIA ABOUKHLAL,73,3,2,1,0.99,0,0,0.00,12,50,1,1,3,1,0,0,0,1,2,0
629,ÁLVARO MORATA,183,8,5,3,1.36,2,1,0.13,40,68,1,0,2,0,0,1,0,1,3,33
630,ÁLVARO ZAMORA,29,0,0,0,0.00,0,0,0.00,5,100,0,1,1,0,0,0,0,0,0,0
631,ÁNGEL CORREA,4,0,0,0,0.00,0,0,0.00,3,100,1,0,0,0,0,0,0,0,0,0
632,ÁNGEL DI MARÍA,290,6,3,1,0.64,9,1,0.63,130,87,1,1,7,1,0,3,0,4,30,43
633,ÉDER MILITÃO,348,5,1,0,0.18,1,0,0.10,249,91,6,3,29,0,0,0,0,0,0,0
634,ÉRICK GUTIÉRREZ,48,0,0,0,0.00,0,0,0.01,28,82,1,2,3,0,0,0,0,0,1,0
635,ÉVERTON RIBEIRO,35,0,0,0,0.00,2,0,0.10,16,88,0,0,0,0,0,1,0,1,1,0
636,ÓSCAR DUARTE,270,0,0,0,0.00,2,0,0.01,89,70,2,6,9,0,0,0,0,0,0,0
637,YUKI SOMA,82,3,0,0,0.19,0,0,0.01,9,78,0,0,2,1,0,0,0,1,2,50
638,YUNUS MUSAH,345,4,1,0,0.31,3,0,0.20,171,87,6,2,23,1,0,1,0,2,12,33
639,YUTO NAGATOMO,211,0,0,0,0.00,1,0,0.05,82,74,2,0,11,0,0,1,0,1,4,75
640,ZAKARIA ABOUKHLAL,73,3,2,1,0.99,0,0,0.00,12,50,1,1,3,1,0,0,0,1,2,0
641,ÁLVARO MORATA,183,8,5,3,1.36,2,1,0.13,40,68,1,0,2,0,0,1,0,1,3,33
642,ÁLVARO ZAMORA,29,0,0,0,0.00,0,0,0.00,5,100,0,1,1,0,0,0,0,0,0,0
643,ÁNGEL CORREA,4,0,0,0,0.00,0,0,0.00,3,100,1,0,0,0,0,0,0,0,0,0
644,ÁNGEL DI MARÍA,290,6,3,1,0.64,9,1,0.63,130,87,1,1,7,1,0,3,0,4,30,43
645,ÉDER MILITÃO,348,5,1,0,0.18,1,0,0.10,249,91,6,3,29,0,0,0,0,0,0,0
646,ÉRICK GUTIÉRREZ,48,0,0,0,0.00,0,0,0.01,28,82,1,2,3,0,0,0,0,0,1,0
647,ÉVERTON RIBEIRO,35,0,0,0,0.00,2,0,0.10,16,88,0,0,0,0,0,1,0,1,1,0
648,ÓSCAR DUARTE,270,0,0,0,0.00,2,0,0.01,89,70,2,6,9,0,0,0,0,0,0,0
