,PLAYER,MINS-PLAYED,SHOTS,SOT,GOALS,XG,CHANCES-CREATED,ASSISTS,XA,PASSES,PASS-%,TACKLES-WON,INT,REC,SHOT-ENDING,GOAL-ENDING,CHANCE-CREATING,ASSIST,TOTAL,ATTEMPTS,WIN-%
0,AARON MOOY,360,1,0,0,0.05,0,0,0.07,204,81,6,3,35,0,0,0,0,0,4,50
1,AARON RAMSEY,267,1,0,0,0.04,1,0,0.06,98,80,0,0,19,0,0,1,0,1,8,25
2,ABDELHAMID SABIRI,133,3,0,0,0.16,2,0,0.01,45,73,0,5,5,0,0,0,0,0,0,0
3,ABDELKARIM HASSAN,270,6,0,0,0.30,1,0,0.05,142,77,3,1,11,2,0,0,0,2,5,20
4,ABDERRAZAK HAMDALLAH,40,1,1,0,0.06,0,0,0.01,9,67,0,0,1,0,0,0,0,0,0,0
5,ABDESSAMAD EZZALZOULI,79,0,0,0,0.00,1,0,0.14,8,75,2,0,4,0,0,0,0,0,2,0
6,ABDOU DIALLO,332,1,0,0,0.03,1,0,0.05,162,78,2,1,17,0,0,0,0,0,1,0
7,ABDUL RAHMAN BABA,182,0,0,0,0.00,3,0,0.08,67,69,3,1,6,0,0,0,0,0,5,20
8,ABDULAZIZ HATEM,196,1,1,0,0.02,0,0,0.02,84,80,1,1,4,1,0,0,0,1,1,100
9,ABDULELAH AL AMRI,182,1,0,0,0.07,0,0,0.03,98,72,0,4,15,0,0,0,0,0,0,0
10,ABDULELAH AL MALKI,175,2,0,0,0.12,0,0,0.03,77,78,1,2,9,0,0,0,0,0,0,0
11,ABDULLAH MADU,45,0,0,0,0.00,0,0,0.00,12,42,0,0,2,0,0,0,0,0,0,0
12,ABDULRAHMAN AL OBUD,33,1,0,0,0.07,1,0,0.02,11,73,3,0,1,0,0,0,0,0,4,0
13,ABOLFAZL JALALI,18,0,0,0,0.00,0,0,0.00,19,68,0,0,3,0,0,0,0,0,5,20
14,ACHRAF HAKIMI,363,3,1,0,0.10,3,1,0.41,148,83,11,6,21,1,0,0,0,1,6,16
15,ADRIEN RABIOT,297,7,2,1,0.91,3,1,0.44,181,88,8,5,15,0,0,1,1,2,4,25
16,AGUSTÍN CANOBBIO,10,0,0,0,0.00,0,0,0.00,7,71,1,0,2,0,0,0,0,0,1,0
17,AHMAD NOOROLLAHI,226,5,1,0,0.10,0,0,0.01,49,69,3,6,15,0,0,0,0,0,3,33
18,AHMED ALAA,5,0,0,0,0.00,0,0,0.00,2,0,0,0,0,0,0,0,0,0,0,0
19,AJDIN HRUSTIC,59,1,0,0,0.03,0,0,0.01,18,83,0,1,3,0,0,0,0,0,5,20
20,AKRAM AFIF,270,2,0,0,0.04,4,0,0.18,138,89,0,0,14,1,0,1,0,2,7,42
21,ALAN FRANCO,46,0,0,0,0.00,0,0,0.00,11,91,0,2,1,0,0,0,0,0,0,0
22,ALEKSANDAR MITROVIC,263,10,3,2,1.65,2,0,0.06,56,77,0,0,6,1,0,0,0,1,1,100
23,ALEX SANDRO,176,1,0,0,0.03,1,0,0.22,136,91,3,3,16,1,0,0,0,1,2,50
24,ALEX TELLES,58,0,0,0,0.00,0,0,0.01,35,83,2,0,1,0,0,0,0,0,0,0
25,ALEXANDER BAH,46,2,0,0,0.06,1,0,0.07,42,74,4,2,3,0,0,1,0,1,3,0
26,ALEXANDER DJIKU,96,0,0,0,0.00,0,0,0.00,27,78,1,2,3,0,0,0,0,0,0,0
27,ALEXIS MAC ALLISTER,233,2,2,1,0.33,4,0,0.21,132,92,2,2,18,0,0,2,0,2,3,33
28,ALEXIS VEGA,195,9,2,0,0.83,0,0,0.02,48,75,0,1,16,2,0,0,0,2,5,20
29,ALI ABDI,187,0,0,0,0.00,0,0,0.05,83,61,5,4,17,0,0,0,0,0,4,25
30,ALI AL BULAYHI,217,0,0,0,0.00,0,0,0.01,87,80,2,3,5,0,0,0,0,0,0,0
31,ALI AL HASSAN,45,1,0,0,0.07,0,0,0.00,5,80,1,0,1,0,0,0,0,0,0,0
32,ALI ASAD,26,0,0,0,0.00,0,0,0.01,23,91,0,0,1,0,0,0,0,0,1,100
33,ALI GHOLIZADEH,199,1,0,0,0.03,2,1,0.67,64,66,0,3,21,0,0,2,1,3,9,44
34,ALI KARIMI,97,0,0,0,0.00,0,0,0.02,42,79,3,3,6,0,0,0,0,0,0,0
35,ALI MAÂLOUL,90,0,0,0,0.00,0,0,0.12,37,73,1,0,5,0,0,0,0,0,0,0
36,ALIDU SEIDU,156,1,0,0,0.01,0,0,0.02,56,82,4,0,6,0,0,0,0,0,6,66
37,ALIREZA JAHANBAKHSH,58,3,0,0,0.19,0,0,0.01,14,71,1,1,1,2,0,0,0,2,1,100
38,ALISTAIR JOHNSTON,270,2,1,0,0.80,3,0,0.11,137,82,3,2,16,0,0,2,0,2,1,100
39,ALMOEZ ALI,226,3,1,0,0.36,0,0,0.01,42,71,0,1,6,1,0,0,0,1,3,0
40,ALPHONSO DAVIES,270,5,1,1,0.28,6,0,0.20,81,78,1,3,14,0,0,3,0,3,25,44
41,AMADOU ONANA,105,2,0,0,0.47,0,0,0.02,63,92,1,0,7,0,0,0,0,0,1,100
42,ANDREAS CHRISTENSEN,270,2,1,1,0.36,0,0,0.04,249,94,2,4,20,0,0,0,0,0,0,0
43,ANDREAS CORNELIUS,90,5,2,0,1.02,3,0,0.04,32,63,0,0,2,0,0,0,0,0,1,100
44,ANDREAS SKOV OLSEN,134,4,1,0,0.23,0,0,0.05,54,70,0,1,3,1,0,0,0,1,2,0
45,ANDREJ KRAMARIC,276,7,3,2,1.50,2,0,0.19,89,90,1,0,10,1,1,0,0,2,7,42
46,ANDRIJA ZIVKOVIC,213,1,0,0,0.06,4,2,0.82,70,83,3,3,11,1,0,2,1,4,1,0
47,ANDRÉ AYEW,200,3,1,1,0.36,0,0,0.01,30,77,1,0,6,0,0,0,0,0,2,0
48,ANDRÉ SILVA,25,0,0,0,0.00,2,0,0.01,10,80,0,0,0,0,0,1,0,1,1,0
49,ANDRÉS GUARDADO,42,0,0,0,0.00,0,0,0.00,14,64,2,0,5,0,0,0,0,0,0,0
50,ANGELO PRECIADO,265,4,0,0,0.07,4,1,0.24,90,77,5,6,10,0,0,0,0,0,4,0
51,ANIS BEN SLIMANE,150,1,1,0,0.11,0,0,0.02,35,71,1,1,5,0,0,0,0,0,1,0
52,ANSU FATI,44,0,0,0,0.00,0,0,0.05,27,89,1,0,1,0,0,0,0,0,2,0
53,ANTE BUDIMIR,43,1,0,0,0.18,1,0,0.01,5,40,1,0,0,0,0,0,0,0,0,0
54,ANTHONY CONTRERAS,127,0,0,0,0.00,1,0,0.02,22,55,2,1,4,0,0,0,0,0,0,0
55,ANTOINE GRIEZMANN,286,6,3,0,0.67,7,1,1.78,179,84,5,4,18,3,0,3,0,6,4,50
56,ANTOINE SEMENYO,19,1,0,0,0.05,0,0,0.00,2,50,0,0,0,0,0,0,0,0,0,0
57,ANTONEE ROBINSON,359,0,0,0,0.00,3,0,0.23,184,80,4,7,40,0,0,1,0,1,5,80
58,ANTONIO RÜDIGER,270,6,1,0,0.76,0,0,0.05,242,92,1,0,20,1,0,0,0,1,1,0
59,ANTONY,106,5,1,0,0.21,1,0,0.15,69,84,0,0,9,1,0,0,0,1,9,33
60,ANTÓNIO SILVA,90,0,0,0,0.00,0,0,0.00,60,97,1,1,4,0,0,0,0,0,0,0
61,AO TANAKA,173,1,1,1,0.96,1,0,0.38,64,69,1,3,9,0,0,0,0,0,1,0
62,ARDON JASHARI,1,0,0,0,0.00,0,0,0.00,6,83,0,0,1,0,0,0,0,0,1,0
63,ARKADIUSZ MILIK,100,1,0,0,0.25,1,0,0.01,29,66,0,0,3,0,0,0,0,0,1,100
64,ARTUR JEDRZEJCZYK,18,0,0,0,0.00,0,0,0.00,3,100,0,0,0,0,0,0,0,0,0,0
65,ASSIM MADIBO,154,0,0,0,0.00,1,0,0.01,67,82,3,2,15,0,0,1,0,1,0,0
66,ATIBA HUTCHINSON,161,2,0,0,0.12,0,0,0.04,108,89,1,1,10,0,0,0,0,0,1,100
67,AURÉLIEN TCHOUAMÉNI,323,4,1,0,0.27,4,0,0.15,306,95,1,8,21,0,0,2,0,2,0,0
68,AWER MABIL,22,0,0,0,0.00,0,0,0.00,13,69,0,1,2,0,0,0,0,0,1,0
69,AXEL DISASI,91,1,0,0,0.07,0,0,0.01,59,73,2,3,4,0,0,0,0,0,2,50
70,AXEL WITSEL,270,1,0,0,0.03,1,0,0.05,161,95,2,4,12,1,0,0,0,1,0,0
71,AYASE UEDA,45,0,0,0,0.00,1,0,0.01,12,57,0,0,3,0,0,0,0,0,0,0
72,AYMERIC LAPORTE,300,1,0,0,0.03,1,0,0.09,424,94,0,3,17,0,0,1,0,1,0,0
73,AZIZ BEHICH,360,2,0,0,0.12,0,0,0.03,151,76,3,3,22,0,0,0,0,0,14,57
74,AZZEDINE OUNAHI,356,1,0,0,0.03,3,0,0.24,133,80,7,4,22,0,0,2,0,2,7,57
75,AÏSSA LAÏDOUNI,245,2,0,0,0.13,4,1,0.21,115,81,3,4,25,0,0,1,0,1,4,25
76,BADR BENOUN,1,0,0,0,0.00,0,0,0.00,0,0,0,0,0,0,0,0,0,0,0,0
77,BAILEY WRIGHT,16,0,0,0,0.00,0,0,0.00,3,33,0,0,0,0,0,0,0,0,0,0
78,BAMBA DIENG,97,4,1,1,0.50,2,0,0.01,14,56,1,0,4,0,0,0,0,0,2,0
79,BARTOSZ BERESZYNSKI,342,0,0,0,0.00,0,0,0.07,108,77,2,2,15,0,0,0,0,0,9,11
80,BASSAM AL RAWI,90,0,0,0,0.00,1,0,0.17,53,81,0,0,3,0,0,1,0,1,1,100
81,BEN DAVIES,239,3,2,0,0.35,0,0,0.03,135,77,2,1,20,0,0,0,0,0,3,66
82,BENJAMIN PAVARD,89,0,0,0,0.00,0,0,0.02,83,92,0,1,5,0,0,0,0,0,0,0
83,BERNARDO SILVA,268,0,0,0,0.00,4,0,0.22,174,89,1,1,21,0,0,3,0,3,5,20
84,BORNA BARISIC,120,1,0,0,0.02,1,0,0.21,45,80,1,0,3,0,0,0,0,0,0,0
85,BORNA SOSA,270,2,0,0,0.07,2,0,0.47,153,85,3,2,8,1,0,1,0,2,4,50
86,BOUALEM KHOUKHI,270,0,0,0,0.00,0,0,0.25,184,86,2,3,16,0,0,0,0,0,3,0
87,BOULAYE DIA,320,8,3,1,0.74,1,0,0.08,50,76,0,1,7,0,0,0,0,0,4,25
88,BRANDON AGUILERA,88,0,0,0,0.00,0,0,0.00,34,76,0,1,8,0,0,0,0,0,3,66
89,BREEL EMBOLO,326,6,3,2,2.29,2,0,0.06,53,72,0,0,6,1,0,0,0,1,7,28
90,BREMER,108,1,0,0,0.17,0,0,0.01,81,95,1,1,9,0,0,0,0,0,0,0
91,BRENDEN AARONSON,105,1,0,0,0.07,3,0,0.11,46,87,2,1,9,0,0,1,0,1,11,18
92,BRENNAN JOHNSON,89,3,1,0,0.21,0,0,0.07,15,60,0,0,3,2,0,0,0,2,5,0
93,BRUNO FERNANDES,267,5,3,1,0.23,4,2,0.66,139,88,3,1,18,1,1,2,1,5,3,0
94,BRUNO GUIMARÃES,67,5,2,0,0.70,0,0,0.10,49,84,0,0,6,0,0,0,0,0,2,100
95,BRUNO PETKOVIC,118,0,0,0,0.00,2,0,0.06,45,49,2,0,3,0,0,2,0,2,1,0
96,BRYAN MBEUMO,226,2,2,0,0.21,4,0,0.09,72,63,0,1,7,0,0,2,0,2,8,12
97,BRYAN OVIEDO,261,0,0,0,0.00,0,0,0.03,75,76,5,3,14,0,0,0,0,0,4,0
98,BRYAN RUIZ,29,0,0,0,0.00,0,0,0.00,9,78,1,0,1,0,0,0,0,0,1,100
99,BUKAYO SAKA,214,6,4,3,0.58,3,0,0.42,75,80,3,2,9,2,1,1,0,4,7,14
100,CALLUM WILSON,46,0,0,0,0.00,3,1,0.45,9,89,0,0,3,0,0,2,1,3,1,0
101,CAMERON,CARTER-VICKERS,90,0,0,0,0.00,0,0,0.01,54,85,0,0,4,0,0,0,0,0,0
102,CARLOS GRUEZO,45,0,0,0,0.00,0,0,0.00,15,100,2,0,2,0,0,0,0,0,0,0
103,CARLOS MARTÍNEZ,45,0,0,0,0.00,0,0,0.00,9,67,1,1,3,0,0,0,0,0,0,0
104,CARLOS RODRÍGUEZ,32,0,0,0,0.00,0,0,0.01,28,75,0,0,6,0,0,0,0,0,2,100
105,CARLOS SOLER,90,4,1,1,0.54,0,0,0.05,78,96,0,0,3,0,0,0,0,0,2,50
106,CASEMIRO,270,6,2,1,0.22,1,0,0.28,182,84,3,6,18,1,0,0,0,1,1,0
107,CELSO BORGES,251,0,0,0,0.00,1,0,0.02,110,85,1,4,17,0,0,0,0,0,2,100
108,CHARLES DE KETELAERE,15,0,0,0,0.00,0,0,0.00,4,75,0,0,3,0,0,0,0,0,0,0
109,CHEIKHOU KOUYATÉ,73,0,0,0,0.00,1,0,0.02,20,85,0,2,5,0,0,0,0,0,1,100
110,CHO,GUE-SUNG,275,9,5,2,1.07,1,0,0.09,55,60,0,0,4,0,0,0,0,0,5
111,CHO,YU-MIN,1,0,0,0,0.00,0,0,0.00,0,0,0,0,0,0,0,0,0,0,0
112,CHRIS MEPHAM,270,0,0,0,0.00,2,0,0.16,167,81,6,1,8,0,0,0,0,0,0,0
113,CHRISTIAN BASSOGOG,23,0,0,0,0.00,0,0,0.04,7,71,0,1,2,0,0,0,0,0,4,50
114,CHRISTIAN ERIKSEN,270,4,1,0,0.18,3,0,0.25,190,90,0,0,30,1,0,0,0,1,4,0
115,CHRISTIAN FASSNACHT,7,1,1,0,0.23,0,0,0.01,10,70,0,0,2,1,0,0,0,1,2,100
116,CHRISTIAN NØRGAARD,5,0,0,0,0.00,0,0,0.01,15,93,0,0,2,0,0,0,0,0,0,0
117,CHRISTIAN PULISIC,315,9,5,1,1.06,6,2,1.03,107,73,0,0,11,3,0,4,1,8,15,26
118,CHRISTOPHER WOOH,90,1,0,0,0.04,0,0,0.00,27,85,0,1,0,0,0,0,0,0,0,0
119,CODY GAKPO,340,5,3,3,0.31,5,0,0.25,85,75,2,2,12,2,1,2,0,5,6,83
120,COLLINS FAI,270,1,0,0,0.02,2,0,0.19,105,72,2,4,21,1,0,0,0,1,2,0
121,CONNOR ROBERTS,201,0,0,0,0.00,1,0,0.18,92,82,3,1,8,0,0,0,0,0,0,0
122,CRAIG GOODWIN,235,2,1,1,0.28,3,0,0.18,73,70,3,0,14,0,0,0,0,0,0,0
123,CRISTIAN ROMERO,260,0,0,0,0.00,0,0,0.02,219,91,1,1,10,0,0,0,0,0,1,100
124,CRISTIANO RONALDO,252,9,2,0,0.79,3,0,0.09,75,75,0,0,6,1,0,0,0,1,4,0
125,CYLE LARIN,137,3,1,0,0.24,2,0,0.26,26,73,0,0,4,0,0,1,0,1,4,25
126,CÉSAR AZPILICUETA,135,0,0,0,0.00,4,1,0.52,159,96,0,1,5,0,0,2,0,2,0,0
127,CÉSAR MONTES,270,1,0,0,0.18,0,0,0.53,192,81,3,2,13,0,0,0,0,0,2,100
128,DAICHI KAMADA,324,6,1,0,0.65,0,0,0.14,92,82,3,0,10,1,0,0,0,1,4,75
129,DAIZEN MAEDA,183,2,1,1,0.48,0,0,0.05,15,40,2,3,4,0,0,0,0,0,1,0
130,DALEY BLIND,360,5,2,1,0.38,2,1,0.39,238,85,7,3,21,0,0,1,1,2,2,50
131,DAMIAN SZYMANSKI,28,0,0,0,0.00,0,0,0.00,8,100,0,1,0,0,0,0,0,0,0,0
132,DAN JAMES,154,0,0,0,0.03,1,0,0.02,28,71,1,0,4,0,0,1,0,1,4,25
133,DANI ALVES,117,3,0,0,0.19,0,0,0.07,77,88,4,2,9,0,0,0,0,0,2,50
134,DANI OLMO,368,12,6,1,1.40,5,1,0.43,175,85,3,1,15,3,0,2,0,5,20,20
135,DANIEL AMARTEY,270,1,0,0,0.23,3,0,0.03,136,90,4,3,15,0,0,2,0,2,1,100
136,DANIEL CARVAJAL,135,0,0,0,0.00,0,0,0.04,109,88,1,2,9,0,0,0,0,0,0,0
137,DANIEL CHACÓN,1,0,0,0,0.00,0,0,0.00,1,100,0,0,0,0,0,0,0,0,0,0
138,KYEREH,DANIEL-KOFI,31,0,0,0,0.00,0,0,0.01,18,100,2,0,3,0,0,0,0,0,2
139,DANILO,162,1,0,0,0.01,0,0,0.15,141,88,0,1,11,0,0,0,0,0,1,100
140,DANILO PEREIRA,90,0,0,0,0.00,0,0,0.01,76,87,2,3,4,0,0,0,0,0,1,100
141,DARKO LAZOVIC,24,1,0,0,0.01,0,0,0.00,11,64,0,0,0,0,0,0,0,0,0,0
142,DARWIN NÚÑEZ,242,3,2,0,0.38,1,0,0.06,49,61,2,0,6,1,0,1,0,2,5,0
143,DAVID RAUM,244,0,0,0,0.00,6,1,0.27,138,88,3,7,12,0,0,1,1,2,4,50
144,DAVID WOTHERSPOON,14,0,0,0,0.00,0,0,0.00,6,67,0,0,3,0,0,0,0,0,1,100
145,DAVY KLAASSEN,191,2,1,1,0.23,4,2,0.06,75,79,2,1,14,0,0,0,0,0,1,0
146,DAYOT UPAMECANO,270,1,0,0,0.05,1,0,0.06,233,94,6,5,21,0,0,1,0,1,0,0
147,DEANDRE YEDLIN,31,0,0,0,0.00,0,0,0.01,19,79,1,0,1,0,0,0,0,0,0,0
148,DECLAN RICE,328,0,0,0,0.00,0,0,0.08,256,94,3,8,22,0,0,0,0,0,3,0
149,DEJAN LOVREN,390,1,1,0,0.11,1,1,0.06,285,87,2,5,16,0,0,1,1,2,0,0
150,DENIS ODOI,12,0,0,0,0.00,0,0,0.00,1,100,0,0,0,0,0,0,0,0,0,0
151,DENIS ZAKARIA,57,1,0,0,0.05,0,0,0.02,21,86,0,3,5,0,0,0,0,0,2,0
152,DENZEL DUMFRIES,360,1,1,1,0.38,2,2,0.38,131,71,3,7,14,0,0,1,1,2,7,0
153,DIEGO GODÍN,152,1,0,0,0.06,0,0,0.01,101,84,0,1,6,0,0,0,0,0,0,0
154,DIOGO DALOT,180,1,1,0,0.04,3,1,0.36,85,81,6,1,9,1,0,1,1,3,3,33
155,DJIBRIL SOW,269,2,0,0,0.16,3,1,0.17,93,87,1,2,9,1,0,1,0,2,2,0
156,DJORKAEFF REASCO,26,0,0,0,0.00,0,0,0.00,2,100,0,0,1,0,0,0,0,0,0,0
157,DRIES MERTENS,75,3,1,0,0.80,2,0,0.05,28,71,0,0,2,1,0,1,0,2,1,100
158,DUSAN TADIC,258,1,0,0,0.08,6,1,0.76,102,78,2,1,10,0,0,2,1,3,6,50
159,DUSAN VLAHOVIC,79,3,3,1,0.81,0,0,0.00,11,55,0,0,3,0,0,0,0,0,1,0
160,DYLAN BRONN,163,1,0,0,0.07,0,0,0.01,89,75,2,0,7,0,0,0,0,0,1,0
161,EDEN HAZARD,125,1,1,0,0.05,1,0,0.05,57,81,0,1,7,1,0,0,0,1,10,50
162,EDIMILSON FERNANDES,143,1,0,0,0.03,3,0,0.04,63,83,1,2,14,1,0,0,0,1,1,0
163,EDINSON CAVANI,123,3,0,0,0.29,5,0,0.16,36,72,0,0,6,0,0,1,0,1,1,100
164,EDSON ÁLVAREZ,176,1,1,0,0.02,1,0,0.37,111,75,2,4,10,0,0,0,0,0,1,100
165,EDUARDO CAMAVINGA,90,0,0,0,0.00,1,0,0.05,65,85,6,3,9,0,0,0,0,0,2,0
166,EHSAN HAJISAFI,239,1,0,0,0.16,2,0,0.28,78,69,3,2,10,0,0,0,0,0,2,0
167,ELLYES SKHIRI,270,2,0,0,0.07,3,0,0.06,120,87,3,7,18,0,0,1,0,1,3,33
168,ENNER VALENCIA,256,8,4,2,1.48,3,0,0.23,51,69,0,1,8,1,0,1,0,2,8,25
169,ENZO EBOSSE,90,0,0,0,0.00,0,0,0.00,33,91,2,0,1,0,0,0,0,0,0,0
170,ENZO FERNÁNDEZ,233,3,1,1,0.11,2,1,0.24,252,89,5,3,17,0,0,2,1,3,1,100
171,ERAY CÖMERT,46,0,0,0,0.00,0,0,0.01,41,90,0,2,4,0,0,0,0,0,1,0
172,ERIC,CHOUPO-MOTING,254,3,2,1,0.83,2,0,0.08,59,63,2,1,8,1,0,1,0,2,8
173,ERIC DIER,33,0,0,0,0.00,0,0,0.00,40,98,1,0,3,0,0,0,0,0,0,0
174,ETHAN AMPADU,256,1,0,0,0.04,2,0,0.06,132,75,3,4,16,0,0,1,0,1,3,66
175,EXEQUIEL PALACIOS,31,1,0,0,0.07,1,0,0.04,11,91,0,1,4,0,0,1,0,1,0,0
176,FABIAN FREI,23,0,0,0,0.00,0,0,0.00,14,64,1,1,2,0,0,0,0,0,0,0
177,FABIAN RIEDER,68,0,0,0,0.00,1,0,0.01,24,50,2,0,4,0,0,0,0,0,1,100
178,FABIAN SCHÄR,135,2,0,0,0.14,0,0,0.01,74,78,1,2,7,0,0,0,0,0,0,0
179,FABINHO,90,0,0,0,0.00,0,0,0.02,54,89,2,1,9,0,0,0,0,0,0,0
180,FACUNDO PELLISTRI,182,1,0,0,0.17,3,0,0.17,43,72,1,0,9,0,0,1,0,1,6,0
181,FAMARA DIÉDHIOU,92,3,1,1,0.20,1,0,0.11,14,71,0,0,3,0,0,0,0,0,1,0
182,FEDERICO VALVERDE,270,7,1,0,0.17,2,0,0.29,173,87,4,5,19,0,0,1,0,1,4,25
183,FERAS AL BRIKAN,269,2,0,0,0.11,1,1,0.08,60,70,3,2,7,1,0,0,0,1,7,14
184,FERJANI SASSI,47,1,0,0,0.02,0,0,0.02,33,76,0,1,5,0,0,0,0,0,3,66
185,FERRAN TORRES,219,3,2,1,0.23,1,0,0.16,76,76,0,0,8,0,0,0,0,0,13,7
186,FILIP DJURICIC,13,0,0,0,0.00,1,0,0.00,5,80,0,0,0,0,0,0,0,0,0,0
187,FILIP KOSTIC,179,1,0,0,0.02,1,0,0.15,75,67,3,0,12,1,0,0,0,1,1,0
188,FILIP MLADENOVIC,66,1,0,0,0.02,0,0,0.00,17,82,0,0,4,0,0,0,0,0,2,0
189,FODÉ,BALLO-TOURÉ,6,0,0,0,0.00,0,0,0.00,5,80,0,0,0,0,0,0,0,0,1
190,FRAN KARACIC,93,3,0,0,0.18,1,0,0.11,38,61,1,2,9,0,0,1,0,1,0,0
191,FRANCISCO CALVO,180,1,0,0,0.01,0,0,0.01,93,82,4,2,12,0,0,0,0,0,2,100
192,FRANK ANGUISSA,261,1,1,0,0.06,0,0,0.08,125,88,0,5,16,0,0,0,0,0,5,80
193,FRED,128,3,1,0,0.33,4,0,0.25,78,85,2,0,6,1,0,1,0,2,0,0
194,FRENKIE DE JONG,356,2,1,1,0.88,4,1,0.35,264,89,5,5,26,1,0,0,0,1,6,50
195,FÉLIX TORRES,270,1,0,0,0.12,0,0,0.01,196,81,2,4,17,0,0,0,0,0,1,0
196,GABRIEL JESUS,92,2,1,0,0.36,4,0,0.07,25,80,1,2,2,0,0,0,0,0,2,50
197,GABRIEL MARTINELLI,111,4,3,0,0.52,3,0,0.33,36,81,1,0,5,2,0,1,0,3,11,27
198,GARANG KUOL,35,1,1,0,0.38,0,0,0.00,5,60,0,1,0,0,0,0,0,0,2,0
199,GARETH BALE,225,1,2,0,0.02,2,0,0.22,47,64,1,1,9,0,0,1,0,1,3,33
200,GAVI,287,1,1,1,0.14,1,0,0.23,142,87,4,1,7,0,0,1,0,1,8,37
201,GAËL ONDOUA,45,0,0,0,0.00,0,0,0.01,19,89,1,2,2,0,0,0,0,0,0,0
202,NKOUDOU,GEORGES-KÉVIN,25,1,1,0,0.04,0,0,0.01,9,89,0,0,3,0,0,0,0,0,2
203,GERMÁN PEZZELLA,11,0,0,0,0.00,0,0,0.00,18,100,0,0,1,0,0,0,0,0,0,0
204,GERSON TORRES,65,1,0,0,0.01,0,0,0.00,14,100,0,0,4,0,0,0,0,0,2,0
205,GHAYLEN CHAALALI,16,0,0,0,0.00,0,0,0.00,4,75,0,2,2,0,0,0,0,0,0,0
206,GIDEON MENSAH,88,0,0,0,0.00,1,0,0.14,38,79,1,2,4,0,0,0,0,0,0,0
207,GIORGIAN DE ARRASCAETA,108,3,3,2,1.21,2,0,0.49,45,67,1,2,7,0,0,0,0,0,1,0
208,GIOVANNI REYNA,52,2,0,0,0.06,2,0,0.16,32,69,0,0,1,1,0,1,0,2,0,0
209,GONZALO MONTIEL,73,0,0,0,0.00,0,0,0.02,46,91,1,1,2,0,0,0,0,0,1,0
210,GONZALO PLATA,269,2,1,0,0.13,1,0,0.05,79,86,2,2,10,0,0,0,0,0,13,30
211,GONÇALO RAMOS,84,6,5,3,1.47,2,1,0.09,21,81,0,0,2,1,1,0,0,2,1,0
212,GRANIT XHAKA,360,6,3,0,0.32,2,0,0.15,229,88,4,2,21,2,0,0,0,2,2,50
213,GRZEGORZ KRYCHOWIAK,334,1,0,0,0.02,3,0,0.06,122,74,4,5,23,1,0,1,0,2,3,33
214,GUIDO RODRÍGUEZ,57,0,0,0,0.00,0,0,0.01,62,84,0,0,2,0,0,0,0,0,0,0
215,GUILLERMO VARELA,182,0,0,0,0.00,1,0,0.04,65,69,2,3,8,0,0,1,0,1,3,0
216,HAITHAM ASIRI,1,0,0,0,0.00,0,0,0.00,2,50,0,0,0,0,0,0,0,0,0,0
217,HAJI WRIGHT,135,6,3,1,0.53,1,0,0.03,23,74,0,0,4,2,0,0,0,2,1,0
218,HAKIM ZIYECH,376,6,2,1,0.27,3,1,0.26,116,72,5,5,18,1,0,2,0,3,17,41
219,HANNIBAL MEJBRI,10,0,0,0,0.00,0,0,0.00,2,100,0,1,1,0,0,0,0,0,0,0
220,HARIS SEFEROVIC,68,1,0,0,0.19,1,0,0.01,11,73,0,0,1,1,0,1,0,2,0,0
221,HARRY KANE,314,7,2,1,0.90,5,3,0.65,68,69,1,0,12,2,0,2,1,5,9,44
222,HARRY MAGUIRE,340,4,1,0,0.24,0,0,0.07,301,88,3,3,14,0,0,0,0,0,2,100
223,HARRY SOUTTAR,360,1,0,0,0.08,1,0,0.05,163,83,0,6,17,0,0,0,0,0,0,0
224,HARRY WILSON,160,2,0,0,0.10,1,0,0.04,54,81,2,1,10,0,0,1,0,1,1,0
225,HASSAN AL HAYDOS,209,1,1,0,0.01,2,0,0.49,73,82,1,2,12,0,0,0,0,0,6,33
226,HASSAN TAMBAKTI,180,0,0,0,0.00,0,0,0.01,49,71,2,3,9,0,0,0,0,0,0,0
227,HATTAN BAHBRI,3,0,0,0,0.00,1,1,0.05,7,56,0,0,1,0,0,0,0,0,0,0
228,HENRY MARTÍN,148,4,2,1,0.92,5,0,0.21,16,69,1,2,4,0,0,0,0,0,1,100
229,HIDEMASA MORITA,285,3,1,0,0.16,2,0,0.08,151,83,0,3,21,1,0,0,0,1,3,0
230,HIROKI ITO,45,0,0,0,0.00,1,0,0.02,61,92,0,0,2,0,0,0,0,0,0,0
231,HIROKI SAKAI,119,1,0,0,0.53,1,0,0.09,30,60,4,1,6,0,0,0,0,0,2,0
232,HIRVING LOZANO,253,6,3,0,0.19,7,0,0.80,46,70,2,0,14,2,0,5,0,7,10,50
233,HOMAM AHMED,263,0,0,0,0.00,1,0,0.03,76,71,2,2,14,0,0,0,0,0,5,60
234,HONG CHUL,45,0,0,0,0.00,1,0,0.02,16,94,0,1,2,0,0,0,0,0,1,0
235,HOSSEIN KANANI,45,0,0,0,0.00,0,0,0.00,10,70,0,1,1,0,0,0,0,0,0,0
236,HWANG,HEE-CHAN,114,6,5,1,0.92,1,0,0.07,53,81,1,0,7,2,0,0,0,2,10
237,HWANG,IN-BEOM,335,6,1,0,0.23,3,0,0.19,236,80,3,3,22,1,0,1,0,2,5
238,HWANG,UI-JO,104,1,0,0,0.47,0,0,0.00,10,80,0,0,3,0,0,0,0,0,1
239,HÉCTOR HERRERA,161,0,0,0,0.00,1,0,0.16,72,85,3,3,7,0,0,0,0,0,1,0
240,HÉCTOR MORENO,270,1,0,0,0.18,1,0,0.02,179,83,1,1,14,0,0,0,0,0,0,0
241,IBRAHIMA KONATÉ,195,2,1,0,0.37,0,0,0.05,177,92,6,2,11,0,0,0,0,0,0,0
242,IDRISSA GUEYE,270,4,1,0,0.33,0,0,0.07,107,92,1,5,15,0,0,0,0,0,2,50
243,ILIMAN NDIAYE,136,2,0,0,0.13,1,1,0.20,27,81,0,1,4,0,0,0,0,0,8,75
244,ILKAY GÜNDOGAN,192,5,3,0,0.35,1,0,0.30,163,90,1,1,18,1,0,0,0,1,4,50
245,ISMAEEL MOHAMMAD,175,2,2,0,0.41,1,1,0.16,47,79,2,2,6,1,0,1,1,3,2,0
246,ISMAIL JAKOBS,279,1,0,0,0.01,3,0,0.36,106,72,0,4,9,0,0,1,0,1,1,0
247,ISMAËL KONÉ,106,0,0,0,0.00,1,0,0.04,98,96,0,0,3,0,0,0,0,0,2,50
248,ISMAÏLA SARR,344,10,2,0,0.87,6,0,0.49,70,67,2,2,17,3,0,5,0,8,19,47
249,ISSAHAKU FATAWU,1,0,0,0,0.00,0,0,0.00,0,0,0,0,0,0,0,0,0,0,1,0
250,ISSAM JEBALI,184,3,1,0,0.53,2,0,0.19,28,71,3,0,8,1,0,0,0,1,2,50
251,IVAN ILIC,33,0,0,0,0.00,1,0,0.00,19,95,0,1,3,0,0,1,0,1,0,0
252,IVAN PERISIC,370,10,3,1,0.52,5,2,0.33,125,75,1,4,17,4,0,3,1,8,10,30
253,IÑAKI WILLIAMS,252,2,0,0,0.29,2,1,0.05,40,70,2,0,9,0,0,1,0,1,2,50
254,JACK GREALISH,80,1,1,1,0.65,2,0,0.24,53,89,1,3,6,0,0,1,0,1,9,33
255,JACKSON IRVINE,355,3,0,0,0.52,1,0,0.11,119,81,2,3,11,0,0,0,0,0,2,0
256,JACKSON POROZO,95,1,0,0,0.05,0,0,0.00,43,91,2,3,2,0,0,0,0,0,0,0
257,JAKUB KAMINSKI,233,4,2,0,0.37,2,0,0.38,55,60,1,0,17,0,0,0,0,0,5,40
258,JAKUB KIWIOR,356,1,0,0,0.03,0,0,0.03,193,84,1,4,11,0,0,0,0,0,0,0
259,JAMAL MUSIALA,259,12,3,0,1.92,8,1,0.85,103,82,1,1,19,6,0,5,0,11,36,52
260,JAMIE MACLAREN,52,0,0,0,0.00,1,0,0.02,13,54,0,1,1,0,0,0,0,0,0,0
261,JAN BEDNAREK,4,0,0,0,0.00,0,0,0.00,6,100,0,0,1,0,0,0,0,0,0,0
262,JAN VERTONGHEN,270,2,0,0,0.17,0,0,0.02,263,89,0,5,16,0,0,0,0,0,0,0
263,JASON CUMMINGS,34,0,0,0,0.00,0,0,0.00,4,50,0,0,1,0,0,0,0,0,1,0
264,JAWAD EL YAMIQ,61,0,0,0,0.00,0,0,0.00,8,63,0,0,2,0,0,0,0,0,0,0
265,CASTELLETTO,JEAN-CHARLES,180,1,1,1,0.95,1,1,0.25,74,84,3,6,9,0,0,1,1,2,1
266,JEONG,WOO-YEONG,45,1,0,0,0.03,0,0,0.04,12,92,0,0,1,0,0,0,0,0,1
267,JEREMY SARMIENTO,83,1,1,0,0.07,2,0,0.05,30,67,1,1,6,0,0,0,0,0,6,33
268,JEROME NGOM MBEKELI,4,0,0,0,0.00,1,1,0.11,0,0,0,0,0,0,0,1,1,2,0,0
269,JESPER LINDSTRØM,200,3,1,0,0.32,0,0,0.03,46,74,1,1,8,1,0,0,0,1,13,30
270,JESÚS FERREIRA,45,0,0,0,0.00,0,0,0.01,18,83,0,0,1,0,0,0,0,0,1,0
271,JESÚS GALLARDO,270,1,0,0,0.12,0,0,0.10,100,71,5,1,14,0,0,0,0,0,4,75
272,JEWISON BENNETTE,102,1,0,0,0.04,0,0,0.01,12,83,0,0,4,0,0,0,0,0,6,16
273,JHEGSON MÉNDEZ,180,0,0,0,0.00,2,0,0.12,134,93,2,1,16,0,0,1,0,1,1,0
274,JOACHIM ANDERSEN,270,4,1,0,0.10,0,0,0.06,245,80,2,0,15,1,0,0,0,1,1,0
275,JOAKIM MAEHLE,250,2,0,0,0.04,1,0,0.11,116,80,5,2,10,1,0,0,0,1,10,0
276,JOE ALLEN,94,2,0,0,0.10,1,0,0.00,34,82,1,1,9,1,0,0,0,1,0,0
277,JOE MORRELL,32,0,0,0,0.00,0,0,0.00,14,86,2,1,4,0,0,0,0,0,0,0
278,JOE RODON,270,0,0,0,0.00,0,0,0.01,167,90,2,4,10,0,0,0,0,0,0,0
279,JOEL CAMPBELL,269,1,0,0,0.01,1,0,0.08,113,79,5,0,14,0,0,0,0,0,14,42
280,JOHAN VENEGAS,74,0,0,0,0.00,0,0,0.00,12,83,0,0,1,0,0,0,0,0,1,0
281,JOHN STONES,347,4,1,0,0.36,0,0,0.07,380,95,1,1,14,0,0,0,0,0,1,100
282,JONAS HOFMANN,28,1,1,0,0.27,1,0,0.02,19,79,0,0,0,0,0,0,0,0,1,0
283,JONATHAN DAVID,192,8,1,0,1.09,0,0,0.04,53,66,1,0,5,0,0,0,0,0,4,0
284,JONATHAN OSORIO,119,1,0,0,0.06,0,0,0.02,55,91,1,1,5,1,0,0,0,1,2,50
285,JORDAN AYEW,136,1,1,0,0.05,1,1,0.20,33,88,3,1,8,1,0,0,0,1,8,12
286,JORDAN HENDERSON,193,1,1,1,0.14,0,0,0.11,106,85,2,0,10,0,0,0,0,0,4,0
287,JORDAN MORRIS,3,0,0,0,0.00,0,0,0.00,2,50,0,0,0,0,0,0,0,0,0,0
288,JORDAN VERETOUT,63,0,0,0,0.00,0,0,0.01,35,91,0,0,1,0,0,0,0,0,0,0
289,JORDI ALBA,266,2,0,0,0.04,4,2,0.66,316,91,4,3,20,1,0,0,0,1,3,66
290,JORGE SÁNCHEZ,176,1,1,0,0.02,0,0,0.03,60,78,0,3,6,0,0,0,0,0,4,25
291,JOSH SARGENT,158,4,1,0,0.37,1,0,0.09,30,90,0,1,1,1,0,0,0,1,2,100
292,JOSHUA KIMMICH,270,7,4,0,0.36,6,0,1.20,231,91,2,3,19,0,0,0,0,0,4,25
293,JOSIP JURANOVIC,390,1,0,0,0.03,2,1,0.19,197,82,3,2,29,0,0,0,0,0,3,33
294,JOSKO GVARDIOL,390,1,0,0,0.09,1,0,0.26,310,89,3,7,30,0,0,1,0,1,1,100
295,JOSÉ CIFUENTES,58,1,1,0,0.02,0,0,0.01,40,78,2,0,3,1,0,0,0,1,0,0
296,JOSÉ GIMÉNEZ,270,3,0,0,0.17,0,0,0.35,163,82,1,7,13,0,0,0,0,0,0,0
297,JOÃO CANCELO,270,2,1,0,0.04,0,0,0.12,189,81,3,2,21,1,0,0,0,1,10,40
298,JOÃO FÉLIX,243,6,1,1,0.57,3,2,0.14,96,79,2,1,6,4,1,0,0,5,5,40
299,JOÃO MÁRIO,84,0,0,0,0.00,0,0,0.03,37,97,1,0,5,0,0,0,0,0,1,0
300,JOÃO PALHINHA,35,1,0,0,0.03,2,0,0.04,30,83,1,1,5,0,0,0,0,0,2,50
301,JUAN PABLO VARGAS,90,2,2,1,0.24,0,0,0.00,18,78,3,2,5,0,0,0,0,0,0,0
302,JUDE BELLINGHAM,325,3,2,1,0.36,3,1,0.45,210,93,11,4,23,0,0,1,1,2,12,50
303,JULES KOUNDÉ,180,3,2,0,0.17,0,0,0.03,122,83,3,2,11,0,0,0,0,0,3,66
304,JULIÁN ÁLVAREZ,208,8,5,2,1.57,0,0,0.51,52,75,1,0,10,4,0,0,0,4,3,0
305,JUNG,WOO-YOUNG,304,1,0,0,0.03,2,0,0.11,207,86,4,3,24,1,0,1,0,2,0
306,JUNIOR HOILETT,162,4,0,0,0.14,2,0,0.27,42,83,4,1,8,1,0,1,0,2,7,28
307,JUNYA ITO,323,2,1,0,0.17,4,1,0.07,70,66,4,5,17,1,0,0,0,1,8,25
308,JURRIËN TIMBER,270,0,0,0,0.00,0,0,0.04,207,90,5,7,22,0,0,0,0,0,4,75
309,JÉRÉMY DOKU,18,0,0,0,0.00,0,0,0.03,11,73,0,0,0,0,0,0,0,0,4,50
310,KAI HAVERTZ,103,5,3,2,1.36,2,0,0.50,30,80,1,1,3,0,0,0,0,0,0,0
311,KALIDOU KOULIBALY,360,2,1,1,0.49,1,0,0.04,185,75,9,2,28,0,0,1,0,1,0,0
312,KALVIN PHILLIPS,40,0,0,0,0.00,1,1,0.01,19,89,0,0,1,0,0,0,0,0,0,0
313,KAMAL MILLER,270,0,0,0,0.00,0,0,0.03,194,91,4,4,14,0,0,0,0,0,2,50
314,KAMALDEEN SULEMANA,57,1,1,0,0.06,0,0,0.03,15,67,0,0,0,0,0,0,0,0,5,20
315,KAMIL GLIK,360,3,0,0,0.23,0,0,0.01,125,90,1,3,11,0,0,0,0,0,0,0
316,KAMIL GROSICKI,3,0,0,0,0.00,1,0,0.11,3,100,0,0,0,0,0,0,0,0,1,100
317,KAORU MITOMA,162,1,1,0,0.08,3,1,0.44,57,72,2,2,17,0,0,1,0,1,5,40
318,KARIM ANSARIFARD,35,1,0,0,0.07,1,0,0.04,5,80,0,1,0,0,0,0,0,0,0,0
319,KARIM BOUDIAF,185,0,0,0,0.00,0,0,0.02,103,88,1,0,12,0,0,0,0,0,3,33
320,KARL,TOKO-EKAMBI,167,2,1,0,0.18,2,0,0.31,50,84,1,2,8,1,0,1,0,2,4
321,KAROL SWIDERSKI,45,0,0,0,0.00,0,0,0.01,6,100,1,2,3,0,0,0,0,0,0,0
322,KASPER DOLBERG,113,3,1,0,0.40,1,0,0.04,14,79,1,0,3,0,0,0,0,0,3,33
323,KEANU BACCUS,113,1,0,0,0.05,0,0,0.01,41,63,1,2,11,1,0,0,0,1,1,0
324,KELLYN ACOSTA,40,0,0,0,0.00,0,0,0.01,12,83,2,0,2,0,0,0,0,0,0,0
325,KENDALL WASTON,225,1,1,0,0.15,0,0,0.00,69,83,4,5,10,0,0,0,0,0,0,0
326,KENNETH TAYLOR,4,0,0,0,0.00,0,0,0.01,8,100,0,0,0,0,0,0,0,0,0,0
327,KEVIN DE BRUYNE,270,7,2,0,0.23,6,0,0.61,109,73,1,0,11,4,0,3,0,7,8,50
328,KEVIN RODRÍGUEZ,2,2,1,0,0.09,0,0,0.00,1,0,0,0,0,0,0,0,0,0,0,0
329,KEVIN ÁLVAREZ,70,0,0,0,0.00,0,0,0.01,19,63,0,1,4,0,0,0,0,0,3,33
330,KEYSHER FULLER,254,3,2,1,0.38,1,0,0.12,53,70,4,3,11,0,0,0,0,0,2,50
331,KIEFFER MOORE,225,6,2,0,1.03,4,0,0.09,56,64,0,2,7,1,0,0,0,1,1,0
332,KIERAN TRIPPIER,205,1,0,0,0.05,0,0,0.09,154,86,4,1,11,0,0,0,0,0,1,100
333,KIM,JIN-SU,315,4,1,0,0.33,5,1,0.65,99,77,5,3,12,0,0,0,0,0,2
334,KIM,MIN-JAE,269,2,0,0,0.10,0,0,0.05,189,88,1,2,14,0,0,0,0,0,1
335,KIM,MOON-HWAN,360,0,0,0,0.00,3,0,0.25,182,87,4,4,16,0,0,1,0,1,4
336,KIM,YOUNG-GWON,351,2,1,1,0.75,3,0,0.15,200,87,2,3,13,0,0,1,0,1,0
337,KINGSLEY COMAN,105,1,0,0,0.16,1,0,0.17,50,94,0,2,4,1,0,1,0,2,9,44
338,KO ITAKURA,270,3,1,0,0.15,0,0,0.02,109,88,5,4,13,0,0,0,0,0,3,0
339,KOKE,50,0,0,0,0.00,0,0,0.02,60,93,1,0,2,0,0,0,0,0,0,0
340,KRYSTIAN BIELIK,216,2,0,0,0.17,0,0,0.05,96,86,3,5,10,0,0,0,0,0,3,33
341,KRZYSZTOF PIATEK,26,1,0,0,0.03,0,0,0.00,6,33,0,0,1,0,0,0,0,0,0,0
342,KRÉPIN DIATTA,182,3,1,0,0.13,3,0,0.17,68,84,0,0,11,2,0,2,0,4,3,33
343,KWON,CHANG-HOON,57,0,0,0,0.00,1,0,0.22,21,76,0,0,3,0,0,0,0,0,0
344,KWON,KYUNG-WON,91,1,0,0,0.02,0,0,0.01,41,90,0,2,2,1,0,0,0,1,0
345,KYE ROWLES,360,0,0,0,0.00,0,0,0.01,180,88,2,7,12,0,0,0,0,0,0,0
346,KYLE WALKER,147,0,0,0,0.00,0,0,0.06,113,90,0,2,4,0,0,0,0,0,2,50
347,KYLIAN MBAPPÉ,297,21,10,5,2.69,8,2,1.03,134,82,0,0,6,5,1,5,1,12,30,43
348,LAUTARO MARTÍNEZ,183,8,2,0,0.99,1,0,0.04,37,73,0,1,9,3,0,0,0,3,6,33
349,LEANDER DENDONCKER,162,1,0,0,0.08,1,0,0.33,119,97,3,0,6,0,0,1,0,1,1,0
350,LEANDRO PAREDES,90,0,0,0,0.00,1,0,0.08,138,95,1,2,7,0,0,0,0,0,0,0
351,LEANDRO TROSSARD,102,0,0,0,0.00,2,0,0.03,54,78,1,0,7,0,0,0,0,0,5,0
352,LEE,JAE-SUNG,214,1,0,0,0.02,2,0,0.06,96,88,2,3,7,0,0,0,0,0,3
353,LEE,KANG-IN,145,5,1,0,0.16,4,1,0.27,62,94,3,0,6,2,0,1,0,3,2
354,LEON GORETZKA,158,4,1,0,0.45,1,0,0.14,54,78,3,1,12,0,0,0,0,0,1,0
355,LEROY SANÉ,110,3,0,0,0.12,4,1,1.86,56,82,1,0,6,2,0,2,0,4,7,42
356,LIAM MILLAR,9,0,0,0,0.00,0,0,0.00,6,50,0,0,0,0,0,0,0,0,0,0
357,LIONEL MESSI,360,19,9,2,1.21,10,0,0.65,195,84,2,0,9,7,0,4,0,11,23,39
358,LISANDRO MARTÍNEZ,161,1,0,0,0.12,1,0,0.02,102,87,0,1,3,0,0,0,0,0,1,0
359,LOVRO MAJER,37,2,1,1,0.65,0,0,0.01,33,88,0,0,6,0,0,0,0,0,1,0
360,LOÏS OPENDA,12,0,0,0,0.00,0,0,0.00,4,75,0,0,1,0,0,0,0,0,1,100
361,LUCAS CAVALLINI,18,0,0,0,0.00,0,0,0.08,1,100,0,0,0,0,0,0,0,0,0,0
362,LUCAS HERNÁNDEZ,13,0,0,0,0.00,0,0,0.00,9,56,1,0,1,0,0,0,0,0,0,0
363,LUCAS PAQUETÁ,210,2,2,1,0.31,5,0,0.20,133,83,4,0,10,0,0,0,0,0,2,0
364,LUIS CHÁVEZ,270,10,4,1,0.29,2,0,0.50,114,78,0,1,15,3,0,2,0,5,6,33
365,LUIS SUÁREZ,147,2,1,0,0.42,1,1,0.12,37,59,0,0,3,1,0,0,0,1,3,66
366,LUKA JOVIC,35,2,0,0,0.05,2,0,0.06,9,56,0,1,0,0,0,0,0,0,0,0
367,LUKA MODRIC,365,4,3,0,0.24,3,0,0.45,248,87,5,7,32,2,0,2,0,4,7,14
368,LUKAS KLOSTERMANN,65,0,0,0,0.00,0,0,0.05,42,100,1,0,6,0,0,0,0,0,0,0
369,LUKE SHAW,335,1,0,0,0.03,6,1,0.59,278,86,1,4,18,0,0,1,0,1,2,100
370,MAJID HOSSEINI,270,0,0,0,0.00,0,0,0.01,100,80,4,6,22,0,0,0,0,0,0,0
371,MANUEL AKANJI,360,4,1,1,1.10,1,0,0.07,245,88,2,3,18,0,0,0,0,0,0,0
372,MARCELO BROZOVIC,390,3,2,0,0.44,4,0,0.12,359,88,3,0,27,1,0,1,0,2,6,33
373,MARCO ASENSIO,231,10,2,1,1.21,1,0,0.14,105,80,1,0,3,6,0,0,0,6,3,0
374,MARCOS ACUÑA,240,2,0,0,0.08,1,0,0.08,129,83,3,1,9,1,0,1,0,2,4,0
375,MARCOS LLORENTE,120,1,0,0,0.02,0,0,0.02,87,91,0,0,9,0,0,0,0,0,1,0
376,MARCUS RASHFORD,132,10,6,3,1.53,0,0,0.04,61,74,0,1,8,3,2,0,0,5,9,55
377,MARCUS THURAM,43,0,0,0,0.00,1,1,0.02,10,80,0,0,3,0,0,0,0,0,3,66
378,MARIO GÖTZE,34,1,1,0,0.09,2,0,0.12,21,90,0,0,0,0,0,0,0,0,2,0
379,MARIO PASALIC,127,2,0,0,0.17,0,0,0.03,41,80,2,1,11,0,0,0,0,0,2,0
380,KAYE,MARK-ANTHONY,60,1,0,0,0.04,0,0,0.01,59,83,1,0,4,0,0,0,0,0,0
381,MARKO GRUJIC,11,1,1,0,0.04,0,0,0.01,16,81,1,0,2,0,0,0,0,0,1,0
382,MARKO LIVAJA,158,5,4,1,0.76,1,0,0.06,35,54,1,0,5,0,0,0,0,0,0,0
383,MARQUINHOS,306,1,0,0,0.08,4,0,1.11,263,95,4,1,23,0,0,1,0,1,2,50
384,MARTEN DE ROON,140,0,0,0,0.00,0,0,0.02,88,82,4,2,7,0,0,0,0,0,0,0
385,MARTIN BRAITHWAITE,104,1,0,0,0.07,3,0,0.06,19,68,0,0,1,0,0,0,0,0,2,50
386,MARTIN HONGLA,123,1,1,0,0.05,2,0,0.10,59,83,0,2,3,0,0,1,0,1,3,66
387,MARTÍN CÁCERES,90,0,0,0,0.00,0,0,0.01,66,85,0,0,3,0,0,0,0,0,1,100
388,MASON MOUNT,175,3,1,0,0.19,1,0,0.05,66,86,2,0,7,0,0,0,0,0,3,66
389,MATEO KOVACIC,353,2,1,0,0.09,5,0,1.06,213,89,9,3,24,0,0,3,0,3,6,33
390,MATHEUS NUNES,73,1,0,0,0.02,1,0,0.03,29,93,0,0,0,1,0,1,0,2,2,50
391,MATHEW LECKIE,336,1,1,1,0.15,2,1,0.05,97,68,4,1,15,1,1,0,0,2,12,8
392,MATHIAS JENSEN,84,2,1,0,0.11,3,0,0.09,61,82,0,0,5,1,0,1,0,2,1,100
393,MATHÍAS OLIVERA,255,2,0,0,0.09,5,0,0.52,101,74,5,2,15,1,0,0,0,1,3,0
394,MATTHIAS GINTER,1,0,0,0,0.00,0,0,0.00,3,100,0,0,0,0,0,0,0,0,0,0
395,MATTHIJS DE LIGT,91,0,0,0,0.00,0,0,0.01,43,91,0,0,3,0,0,0,0,0,0,0
396,MATTY CASH,360,1,0,0,0.04,2,0,0.47,118,80,3,0,10,0,0,1,0,1,5,20
397,MATTÉO GUENDOUZI,79,0,0,0,0.00,0,0,0.01,30,80,1,0,4,0,0,0,0,0,0,0
398,MATÍAS VECINO,196,1,1,0,0.10,0,0,0.03,104,72,3,4,18,0,0,0,0,0,0,0
399,MATÍAS VIÑA,15,0,0,0,0.00,0,0,0.00,15,47,3,0,1,0,0,0,0,0,1,100
400,MAXIMILIANO GÓMEZ,28,2,1,0,0.09,0,0,0.03,7,71,0,0,0,1,0,0,0,1,0,0
401,MAYA YOSHIDA,390,0,0,0,0.00,1,1,0.03,227,85,4,3,30,0,0,0,0,0,2,50
402,MEHDI TAREMI,270,5,3,1,0.55,9,1,0.08,71,72,3,2,13,1,0,2,1,4,10,10
403,MEHDI TORABI,59,2,0,0,0.12,3,0,0.20,35,83,0,2,6,0,0,0,0,0,2,50
404,MEMPHIS DEPAY,222,10,5,1,1.47,2,0,0.40,77,82,1,0,8,2,0,0,0,2,9,22
405,MICHAEL ESTRADA,227,3,0,0,0.31,1,0,0.36,48,57,0,0,5,0,0,1,0,1,3,66
406,MICHAL SKÓRAS,45,1,0,0,0.02,0,0,0.00,9,89,0,1,1,0,0,0,0,0,1,0
407,MICHEL AEBISCHER,14,0,0,0,0.00,0,0,0.00,4,50,0,0,0,0,0,0,0,0,0,0
408,MICHY BATSHUAYI,153,6,2,1,0.76,1,0,0.02,22,64,0,0,4,0,0,0,0,0,3,33
409,MIKI YAMANE,62,0,0,0,0.00,1,0,0.15,26,77,0,2,5,0,0,0,0,0,1,100
410,MIKKEL DAMSGAARD,149,0,0,0,0.00,2,0,0.23,69,77,2,2,10,0,0,0,0,0,2,0
411,MILAD MOHAMMADI,198,0,0,0,0.00,0,0,0.01,54,63,3,1,11,0,0,0,0,0,2,0
412,MILOS DEGENEK,182,0,0,0,0.00,0,0,0.01,70,71,4,1,15,0,0,0,0,0,2,0
413,MILOS VELJKOVIC,223,0,0,0,0.00,0,0,0.01,111,87,1,0,12,0,0,0,0,0,0,0
414,MISLAV ORSIC,20,2,1,0,0.12,2,1,0.19,9,67,0,0,0,0,0,0,0,0,1,100
415,MITCHELL DUKE,274,7,4,1,0.36,1,0,0.02,59,56,0,2,11,1,0,0,0,1,3,33
416,MOHAMED ALI BEN ROMDHANE,74,0,0,0,0.00,0,0,0.01,20,70,4,0,10,0,0,0,0,0,4,25
417,MOHAMED DRÄGER,133,4,0,0,0.20,1,0,0.08,30,63,3,1,2,0,0,1,0,1,2,50
418,MOHAMMED AL BURAYK,66,2,1,0,0.37,1,0,0.08,41,85,0,1,3,1,0,0,0,1,0,0
419,MOHAMMED KANNO,270,6,1,0,0.29,0,0,0.11,142,80,2,2,19,1,0,0,0,1,10,50
420,MOHAMMED KUDUS,249,8,4,2,0.83,0,0,0.05,75,75,4,1,22,3,0,0,0,3,16,62
421,MOHAMMED MUNTARI,60,3,1,1,0.21,1,0,0.00,19,89,2,0,4,1,0,0,0,1,0,0
422,MOHAMMED SALISU,270,2,1,1,0.77,2,0,0.35,144,72,1,3,15,0,0,0,0,0,0,0
423,MOHAMMED WAAD,26,0,0,0,0.00,0,0,0.00,11,73,0,1,1,0,0,0,0,0,1,100
424,MOISÉS CAICEDO,269,3,1,1,0.52,0,0,0.04,149,82,5,2,14,0,0,0,0,0,0,0
425,MONTASSAR TALBI,270,1,1,0,0.02,0,0,0.05,133,87,2,2,16,0,0,0,0,0,1,0
426,MORTEZA POURALIGANJI,270,2,0,0,0.08,2,0,0.18,120,73,2,6,16,0,0,0,0,0,0,0
427,MOUMI NGAMALEU,95,0,0,0,0.00,1,0,0.14,23,83,1,0,5,0,0,1,0,1,5,40
428,MUSAAB KHIDIR,5,0,0,0,0.00,0,0,0.00,1,100,1,0,0,0,0,0,0,0,0,0
429,NA,SANG-HO,120,1,1,0,0.03,3,0,0.05,28,79,1,0,5,0,0,0,0,0,6
430,NADER GHANDRI,90,0,0,0,0.00,0,0,0.00,32,81,2,1,2,0,0,0,0,0,0,0
431,NAHUEL MOLINA,287,1,0,0,0.08,3,1,0.24,182,86,1,1,8,0,0,0,0,0,2,50
432,NAMPALYS MENDY,273,2,0,0,0.06,1,0,0.06,154,89,4,3,18,1,0,0,0,1,1,100
433,NASSER AL DAWSARI,4,0,0,0,0.00,1,0,0.07,10,100,1,0,1,0,0,0,0,0,0,0
434,NATHAN AKÉ,359,0,0,0,0.00,0,0,0.04,266,92,2,3,15,0,0,0,0,0,1,0
435,NATHANIEL ATKINSON,85,0,0,0,0.00,0,0,0.00,24,75,3,1,6,0,0,0,0,0,2,0
436,NAWAF AL ABID,87,2,0,0,0.13,1,0,0.04,36,89,0,1,2,0,0,0,0,0,3,33
437,NAYEF AGUERD,354,1,0,0,0.17,1,0,0.01,148,88,2,4,18,0,0,0,0,0,0,0
438,NAÏM SLITI,113,1,0,0,0.14,2,0,0.10,34,74,1,0,8,1,0,0,0,1,8,62
439,NECO WILLIAMS,205,3,0,0,0.09,1,0,0.03,70,66,3,4,16,1,0,0,0,1,8,12
440,NEMANJA GUDELJ,92,0,0,0,0.00,0,0,0.01,51,84,2,2,6,0,0,0,0,0,0,0
441,NEMANJA MAKSIMOVIC,120,0,0,0,0.00,3,0,0.13,53,87,2,3,6,0,0,1,0,1,0,0
442,NEMANJA RADONJIC,57,2,0,0,0.10,1,0,0.04,14,71,0,0,6,1,0,0,0,1,5,0
443,NEYMAR,161,6,2,0,0.82,4,1,0.08,75,81,0,0,4,1,0,1,0,2,12,16
444,NICLAS FÜLLKRUG,66,8,3,2,2.19,1,1,0.20,21,56,0,0,2,0,0,0,0,0,1,100
445,NICO ELVEDI,180,1,0,0,0.08,0,0,0.02,139,92,0,1,15,0,0,0,0,0,0,0
446,NICO SCHLOTTERBECK,93,0,0,0,0.00,2,0,0.08,116,91,3,1,10,0,0,1,0,1,2,0
447,NICO WILLIAMS,145,1,0,0,0.11,0,0,0.15,54,89,2,0,7,0,0,0,0,0,16,31
448,NICOLA ZALEWSKI,64,0,0,0,0.00,0,0,0.02,15,87,0,0,5,0,0,0,0,0,2,0
449,NICOLAS JACKSON,17,0,0,0,0.00,0,0,0.01,10,90,0,0,3,0,0,0,0,0,0,0
450,NICOLAS NKOULOU,180,3,1,0,0.28,0,0,0.03,89,88,0,5,11,0,0,0,0,0,0,0
451,NICOLÁS OTAMENDI,360,1,0,0,0.03,2,1,0.22,364,92,5,6,19,0,0,0,0,0,0,0
452,NICOLÁS TAGLIAFICO,120,3,2,0,1.01,1,0,0.12,68,84,2,1,5,1,0,1,0,2,3,0
453,NICOLÁS DE LA CRUZ,36,1,1,0,0.04,0,0,0.03,21,86,0,0,4,0,0,0,0,0,1,0
454,NIKLAS SÜLE,269,1,0,0,0.11,0,0,0.10,238,91,4,0,17,0,0,0,0,0,0,0
455,NIKOLA MILENKOVIC,270,3,0,0,0.18,0,0,0.02,159,87,5,6,18,0,0,0,0,0,0,0
456,NIKOLA VLASIC,83,2,1,0,0.33,0,0,0.05,24,92,0,0,1,0,0,0,0,0,2,0
457,NOAH OKAFOR,43,1,0,0,0.03,1,0,0.01,22,77,0,0,4,1,0,0,0,1,4,0
458,NOUHOU TOLO,270,0,0,0,0.00,0,0,0.04,82,79,5,6,17,0,0,0,0,0,5,20
459,NOUSSAIR MAZRAOUI,322,4,2,0,0.15,0,0,0.07,76,82,8,1,17,0,0,0,0,0,3,33
460,NUNO MENDES,42,0,0,0,0.00,1,0,0.04,25,92,0,2,2,0,0,1,0,1,2,50
461,NÉSTOR ARAÚJO,90,0,0,0,0.00,0,0,0.04,46,80,1,3,6,0,0,0,0,0,0,0
462,OLIVIER GIROUD,227,9,3,3,2.37,2,0,0.29,35,74,0,0,6,0,0,0,0,0,0,0
463,OLIVIER NTCHAM,22,1,1,0,0.04,1,0,0.03,12,92,0,0,1,1,0,0,0,1,2,100
464,ORBELÍN PINEDA,77,4,1,0,0.32,1,0,0.01,25,72,3,0,4,2,0,0,0,2,2,0
465,OSMAN BUKARI,58,3,1,1,0.50,1,0,0.04,18,78,0,1,2,0,0,0,0,0,2,0
466,OTÁVIO,130,3,2,0,0.11,2,0,0.30,69,83,3,0,11,0,0,0,0,0,0,0
467,OUSMANE DEMBÉLÉ,239,7,2,0,0.45,9,2,0.72,107,79,3,1,15,1,0,3,1,5,16,43
468,PABLO SARABIA,2,1,0,0,0.11,2,0,0.02,2,50,0,0,0,0,0,0,0,0,0,0
469,PAIK,SEUNG-HO,25,1,1,1,0.04,0,0,0.01,27,74,2,0,4,0,0,0,0,0,0
470,PAPE ABOU CISSÉ,104,0,0,0,0.00,0,0,0.01,36,78,0,2,2,0,0,0,0,0,1,100
471,PAPE GUEYE,152,4,2,0,0.11,2,0,0.05,54,70,2,2,5,2,0,1,0,3,1,0
472,PAPE SARR,58,4,0,0,0.12,0,0,0.02,35,89,2,0,3,0,0,0,0,0,2,0
473,PAPU GÓMEZ,109,2,0,0,0.04,0,0,0.03,55,95,0,1,6,1,0,0,0,1,2,50
474,PATHÉ CISS,145,1,0,0,0.04,0,0,0.02,57,81,3,2,10,0,0,0,0,0,3,33
475,PAU TORRES,90,0,0,0,0.00,0,0,0.04,189,92,0,0,6,0,0,0,0,0,0,0
476,PEDRI,357,0,0,0,0.00,5,0,0.94,426,91,2,4,27,0,0,1,0,1,11,54
477,PEDRO,26,2,0,0,0.23,0,0,0.00,5,60,1,0,1,0,0,0,0,0,0,0
478,PEDRO MIGUEL,263,2,0,0,0.05,0,0,0.07,91,70,4,8,14,0,0,0,0,0,4,50
479,PEPE,270,2,1,1,0.29,0,0,0.03,184,82,0,5,23,0,0,0,0,0,1,100
480,PERVIS ESTUPIÑÁN,270,1,1,0,0.07,3,0,0.26,134,83,3,3,21,1,0,0,0,1,8,25
481,PHIL FODEN,174,5,1,1,1.04,3,2,0.30,80,80,1,0,7,0,0,2,1,3,3,66
482,PIERO HINCAPIÉ,270,0,0,0,0.00,0,0,0.02,192,85,4,2,13,0,0,0,0,0,0,0
483,PIERRE KUNDE,135,5,2,0,0.22,0,0,0.06,39,82,2,4,13,3,0,0,0,3,1,0
484,HØJBJERG,PIERRE-EMILE,270,2,1,0,0.03,1,0,0.12,215,89,2,3,26,0,0,1,0,1,2
485,PIOTR ZIELINSKI,330,3,2,1,0.57,2,0,0.09,126,84,5,1,17,0,0,2,0,2,5,20
486,PRZEMYSLAW FRANKOWSKI,240,1,0,0,0.03,1,0,0.15,65,72,4,3,12,0,0,0,0,0,4,50
487,RAFAEL LEÃO,62,5,2,2,0.41,0,0,0.01,32,75,0,1,5,3,1,0,0,4,5,60
488,RAHEEM STERLING,139,1,1,1,0.37,1,1,0.06,48,85,0,1,5,0,0,1,1,2,4,50
489,RAMIN REZAEIAN,180,2,1,1,0.27,1,0,0.41,76,74,5,3,22,2,1,0,0,3,1,100
490,RANDAL KOLO MUANI,90,1,0,0,0.04,0,0,0.02,18,56,3,1,1,1,0,0,0,1,5,40
491,RAPHAËL GUERREIRO,228,2,1,1,0.32,4,2,0.53,125,90,2,3,16,2,1,0,0,3,3,66
492,RAPHAËL VARANE,228,2,0,0,0.28,0,0,0.01,127,90,0,4,9,0,0,0,0,0,1,100
493,RAPHINHA,261,8,6,0,1.21,6,0,0.63,98,83,6,3,7,3,0,2,0,5,15,26
494,RASMUS KRISTENSEN,224,0,0,0,0.00,1,0,0.07,145,79,7,1,15,0,0,0,0,0,5,20
495,RAÚL JIMÉNEZ,56,0,0,0,0.00,0,0,0.03,26,65,0,1,2,0,0,0,0,0,0,0
496,REMO FREULER,324,3,2,1,0.50,0,0,0.05,146,83,5,3,19,0,0,0,0,0,4,0
497,RENATO STEFFEN,31,0,0,0,0.00,0,0,0.07,14,86,0,0,5,0,0,0,0,0,0,0
498,RICARDO HORTA,106,3,2,1,0.76,1,0,0.06,30,77,1,1,5,0,0,0,0,0,0,0
499,RICARDO RODRÍGUEZ,359,0,0,0,0.00,2,0,0.25,182,75,2,0,16,0,0,1,0,1,0,0
500,RICHARLISON,242,7,4,3,2.07,2,0,0.06,41,76,1,1,12,1,0,0,0,1,5,0
501,RICHIE LARYEA,161,2,0,0,0.07,4,0,0.34,45,76,1,0,11,1,0,1,0,2,8,25
502,RILEY MCGREE,269,3,1,0,0.14,3,1,0.21,69,77,1,5,11,2,0,0,0,2,1,0
503,RITSU DOAN,218,4,3,2,0.50,2,0,0.28,44,68,5,3,11,1,0,0,0,1,9,44
504,RIYADH SHARAHILI,53,0,0,0,0.00,1,0,0.01,16,81,0,2,3,0,0,1,0,1,2,50
505,ROAN WILSON,1,0,0,0,0.00,0,0,0.00,4,100,0,0,1,0,0,0,0,0,0,0
506,ROBERT LEWANDOWSKI,360,12,3,1,1.35,5,1,0.45,87,70,2,1,14,2,0,3,1,6,13,38
507,ROBERT SKOV,21,0,0,0,0.00,0,0,0.37,15,100,0,0,2,0,0,0,0,0,1,0
508,ROBERTO ALVARADO,17,0,0,0,0.00,0,0,0.00,7,56,0,0,0,0,0,0,0,0,2,0
509,RODRI,390,1,0,0,0.02,4,0,0.23,676,93,2,3,35,1,0,0,0,1,0,0
510,RODRIGO BENTANCUR,214,3,1,0,0.62,2,0,0.14,150,85,8,7,35,1,0,0,0,1,6,50
511,RODRIGO DE PAUL,360,2,1,0,0.64,4,0,0.27,366,86,4,6,29,0,0,0,0,0,6,0
512,RODRYGO,123,6,2,0,0.44,3,1,0.25,68,82,1,2,5,0,0,1,0,1,7,28
513,ROGELIO FUNES MORI,4,1,0,0,0.07,0,0,0.00,0,0,0,0,0,0,0,0,0,0,0,0
514,ROMAIN SAÏSS,390,1,1,1,0.80,0,0,0.03,154,79,2,3,27,0,0,0,0,0,2,50
515,ROMARIO IBARRA,69,2,1,0,0.14,0,0,0.01,14,71,0,1,3,1,0,0,0,1,1,100
516,ROMELU LUKAKU,54,5,2,0,1.73,1,0,0.06,7,56,0,0,1,0,0,0,0,0,1,100
517,RONALD MATARRITA,24,0,0,0,0.00,0,0,0.00,23,65,0,0,4,0,0,0,0,0,1,100
518,ROOZBEH CHESHMI,57,1,1,1,0.05,0,0,0.00,10,60,0,2,4,0,0,0,0,0,0,0
519,RUBIN COLWILL,9,1,0,0,0.02,0,0,0.00,4,50,0,0,1,0,0,0,0,0,0,0
520,RUBÉN VARGAS,289,3,1,0,0.34,2,1,0.32,95,73,0,1,11,0,0,0,0,0,7,14
521,RÚBEN DIAS,270,1,0,0,0.03,0,0,0.01,164,90,2,1,12,0,0,0,0,0,0,0
522,RÚBEN NEVES,220,2,0,0,0.09,2,0,0.07,184,93,1,1,11,0,0,0,0,0,0,0
523,SADEGH MOHARRAMI,90,0,0,0,0.00,0,0,0.01,16,69,1,1,6,0,0,0,0,0,2,50
524,SAEID EZATOLAHI,218,3,1,0,0.10,2,0,0.37,79,76,1,2,17,2,0,1,0,3,1,0
525,SALEH AL SHEHRI,226,2,2,1,0.09,2,0,0.04,38,55,1,0,7,0,0,0,0,0,3,0
526,SALEM AL DAWSARI,270,8,4,2,0.97,5,0,0.26,104,81,4,1,16,2,1,3,0,6,10,20
527,SALIS ABDUL SAMED,251,1,0,0,0.02,1,0,0.05,139,91,2,4,15,0,0,0,0,0,4,75
528,SALMAN AL FARAJ,45,0,0,0,0.00,0,0,0.04,12,67,0,0,1,0,0,0,0,0,0,0
529,SAMAN GHODDOS,45,1,0,0,0.18,1,0,0.03,16,88,0,0,1,0,0,0,0,0,0,0
530,SAMI AL NAJI,45,0,0,0,0.00,0,0,0.01,16,75,0,0,2,0,0,0,0,0,0,0
531,SAMUEL ADEKUGBE,94,0,0,0,0.00,1,0,0.14,57,93,0,1,3,0,0,0,0,0,2,50
532,SAMUEL OUM GOUET,99,0,0,0,0.00,0,0,0.02,58,90,1,0,10,0,0,0,0,0,0,0
533,SARDAR AZMOUN,126,5,3,0,0.96,1,0,0.20,27,59,0,0,3,2,0,0,0,2,1,0
534,SASA LUKIC,246,1,0,0,0.06,0,0,0.10,158,88,0,1,19,0,0,0,0,0,1,0
535,SAUD ABDULHAMID,270,1,0,0,0.02,2,0,0.10,85,76,2,2,14,0,0,0,0,0,5,40
536,SEBASTIAN SZYMANSKI,136,0,0,0,0.00,0,0,0.11,38,66,3,2,6,0,0,0,0,0,3,33
537,SEBASTIÁN COATES,180,1,0,0,0.10,0,0,0.03,90,81,0,1,9,0,0,0,0,0,0,0
538,SELIM AMALLAH,264,1,0,0,0.04,2,0,0.08,42,81,4,5,7,0,0,1,0,1,5,0
539,SERGE GNABRY,264,12,4,1,1.09,6,1,0.66,105,75,2,2,11,2,0,1,1,4,5,60
540,SERGEJ,MILINKOVIC-SAVIC,236,3,1,1,0.17,0,0,0.23,117,72,1,2,18,0,0,0,0,0,6
541,SERGIO BUSQUETS,364,2,0,0,0.14,3,0,0.23,278,90,4,1,28,1,0,1,0,2,1,100
542,SERGIÑO DEST,309,6,0,0,0.24,3,1,0.51,167,90,2,2,13,5,0,1,0,6,14,35
543,SHAQ MOORE,20,0,0,0,0.00,0,0,0.01,20,65,2,0,2,0,0,0,0,0,0,0
544,SHOGO TANIGUCHI,210,2,0,0,0.25,0,0,0.01,81,84,0,1,8,0,0,0,0,0,0,0
545,SILVAN WIDMER,266,1,0,0,0.02,2,1,0.87,135,75,6,2,13,0,0,1,0,1,2,50
546,SIMON KJAER,65,0,0,0,0.00,0,0,0.02,59,85,0,5,6,0,0,0,0,0,0,0
547,SOFIANE BOUFAL,269,4,0,0,0.14,3,0,0.36,65,77,4,2,13,3,0,0,0,3,18,50
548,SOFYAN AMRABAT,390,0,0,0,0.00,0,0,0.04,161,86,8,6,33,0,0,0,0,0,4,0
549,SON,HEUNG-MIN,360,9,3,0,0.42,3,1,0.55,86,76,2,2,16,3,0,2,1,6,16
550,SON,JUN-HO,70,0,0,0,0.00,0,0,0.02,58,93,3,3,9,0,0,0,0,0,0
551,SORBA THOMAS,1,0,0,0,0.00,0,0,0.02,2,100,1,0,1,0,0,0,0,0,1,0
552,SRDJAN BABIC,12,0,0,0,0.00,0,0,0.00,15,60,0,0,1,0,0,0,0,0,0,0
553,STEFAN MITROVIC,34,0,0,0,0.00,0,0,0.00,21,86,0,0,1,0,0,0,0,0,0,0
554,STEPHEN EUSTÁQUIO,126,3,0,0,0.18,2,0,0.32,89,91,2,2,10,1,0,0,0,1,1,100
555,STEVEN BERGHUIS,124,3,0,0,0.09,1,0,0.08,87,78,1,0,6,1,0,0,0,1,2,0
556,STEVEN BERGWIJN,169,1,0,0,0.38,0,0,0.23,55,87,1,0,2,0,0,0,0,0,4,25
557,STEVEN VITÓRIA,270,0,0,0,0.00,0,0,0.03,182,86,3,0,18,0,0,0,0,0,1,0
558,STRAHINJA PAVLOVIC,236,2,1,1,0.17,0,0,0.06,151,77,2,1,18,0,0,0,0,0,3,66
559,SULTAN AL GHANNAM,125,2,0,0,0.16,1,0,0.12,30,70,0,2,4,0,0,0,0,0,3,0
560,TAHA YASSINE KHENISSI,27,1,0,0,0.02,1,0,0.03,6,33,0,0,0,0,0,0,0,0,0,0
561,TAJON BUCHANAN,261,5,0,0,0.95,4,1,0.54,73,71,1,3,14,0,0,2,1,3,28,25
562,TAKEFUSA KUBO,90,0,0,0,0.00,0,0,0.04,11,55,1,0,4,0,0,0,0,0,0,0
563,TAKEHIRO TOMIYASU,186,0,0,0,0.00,3,0,0.06,91,71,0,0,12,0,0,0,0,0,0,0
564,TAKUMA ASANO,162,8,2,1,0.66,2,0,0.04,27,78,0,1,8,3,1,1,0,5,2,0
565,TAKUMI MINAMINO,57,2,1,0,0.12,0,0,0.01,18,67,1,0,4,0,0,0,0,0,0,0
566,TAREK SALMAN,7,0,0,0,0.00,0,0,0.00,9,78,0,1,1,0,0,0,0,0,0,0
567,TARIQ LAMPTEY,102,1,0,0,0.06,0,0,0.02,21,67,1,1,8,0,0,0,0,0,3,0
568,TEUN KOOPMEINERS,142,2,1,0,0.08,1,0,0.03,76,72,4,4,9,0,0,0,0,0,3,33
569,THEO HERNÁNDEZ,257,4,1,0,0.28,8,1,0.90,174,91,5,2,11,0,0,3,0,3,4,25
570,THIAGO ALMADA,6,0,0,0,0.00,1,0,0.08,13,100,0,0,0,0,0,0,0,0,0,0
571,THIAGO SILVA,270,2,0,0,0.16,2,1,0.57,238,94,0,3,11,0,0,0,0,0,1,0
572,THILO KEHRER,70,0,0,0,0.00,0,0,0.00,24,79,2,3,3,0,0,0,0,0,0,0
573,THOMAS DELANEY,45,0,0,0,0.00,0,0,0.00,27,81,1,0,2,0,0,0,0,0,0,0
574,THOMAS MEUNIER,213,3,1,0,0.21,3,0,0.04,124,78,6,2,13,1,0,1,0,2,3,33
575,THOMAS MÜLLER,203,3,0,0,0.31,8,0,0.48,68,74,2,1,1,1,0,1,0,2,0,0
576,THOMAS PARTEY,270,2,0,0,0.21,2,0,0.16,170,84,5,0,21,0,0,0,0,0,4,75
577,THORGAN HAZARD,106,0,0,0,0.00,4,0,0.55,40,75,2,0,6,0,0,1,0,1,2,0
578,TIM REAM,360,1,1,0,0.30,0,0,0.04,269,88,3,4,19,0,0,0,0,0,2,100
579,TIMOTHY CASTAGNE,270,0,0,0,0.00,0,0,0.06,180,88,4,2,9,0,0,0,0,0,2,0
580,TIMOTHY WEAH,320,5,3,1,0.65,6,0,0.19,99,87,0,0,10,1,0,2,0,3,2,100
581,TOBY ALDERWEIRELD,270,0,0,0,0.00,1,1,0.42,267,91,2,0,8,0,0,0,0,0,1,0
582,TRENT,ALEXANDER-ARNOLD,33,0,0,0,0.00,0,0,0.02,20,95,0,0,1,0,0,0,0,0,0
583,TYLER ADAMS,360,1,0,0,0.02,2,0,0.38,253,90,9,4,33,0,0,0,0,0,1,100
584,URIEL ANTUNA,75,2,2,0,0.15,1,0,0.13,12,83,3,0,1,1,0,1,0,2,1,0
585,VICTOR NELSSON,90,0,0,0,0.00,0,0,0.01,71,93,0,2,3,0,0,0,0,0,0,0
586,VINCENT ABOUBAKAR,140,6,3,2,0.59,2,1,0.32,31,65,0,0,3,3,0,2,1,6,7,71
587,VINCENT JANSSEN,86,2,0,0,0.09,1,0,0.05,19,79,0,0,2,0,0,0,0,0,1,100
588,VINÍCIUS JÚNIOR,238,7,3,1,0.84,8,2,0.68,66,88,1,0,11,1,0,5,2,8,12,33
589,VIRGIL VAN DIJK,360,3,0,0,0.19,1,0,0.09,242,87,1,3,22,0,0,0,0,0,0,0
590,VITINHA,97,2,2,0,0.07,0,0,0.05,72,93,2,1,3,0,0,0,0,0,2,50
591,WAHBI KHAZRI,82,5,3,1,0.43,0,0,0.02,16,75,0,0,5,2,1,0,0,3,3,0
592,WAJDI KECHRIDA,109,0,0,0,0.00,1,0,0.11,43,57,3,0,6,0,0,0,0,0,4,0
593,WALID CHEDDIRA,38,2,1,0,0.47,0,0,0.00,4,50,0,0,0,1,0,0,0,1,0,0
594,WALKER ZIMMERMAN,278,1,0,0,0.07,0,0,0.02,239,89,2,4,17,0,0,0,0,0,0,0
595,WATARU ENDO,303,6,1,0,0.18,4,0,0.37,186,81,4,3,22,0,0,0,0,0,6,16
596,WESTON MCKENNIE,275,5,1,0,0.40,4,0,0.19,140,77,1,0,14,0,0,0,0,0,2,50
597,WILLIAM CARVALHO,214,1,0,0,0.07,0,0,0.04,164,92,5,0,15,0,0,0,0,0,0,0
598,WILLIAM SALIBA,27,0,0,0,0.00,1,0,0.01,37,100,0,0,3,0,0,0,0,0,1,100
599,WOUT WEGHORST,19,0,0,0,0.00,1,0,0.01,5,60,0,0,1,0,0,0,0,0,0,0
600,XAVI SIMONS,7,0,0,0,0.00,0,0,0.14,10,60,0,0,0,0,0,0,0,0,0,0
601,XHERDAN SHAQIRI,231,4,2,1,0.30,3,1,1.00,84,74,0,0,6,1,0,0,0,1,3,0
602,YAHYA,ATTIAT-ALLAH,91,0,0,0,0.00,0,0,0.00,23,74,1,0,7,0,0,0,0,0,1
603,YAHYA JABRANE,5,0,0,0,0.00,0,0,0.00,3,67,0,0,2,0,0,0,0,0,0,0
604,YANNICK CARRASCO,117,4,0,0,0.29,0,0,0.05,41,90,4,1,8,1,0,0,0,1,3,33
605,YASIR AL SHAHRANI,89,0,0,0,0.00,0,0,0.00,21,38,1,6,5,0,0,0,0,0,0,0
606,YASSINE MERIAH,270,1,0,0,0.07,1,0,0.03,161,83,2,1,16,0,0,0,0,0,4,50
607,YELTSIN TEJEDA,269,2,2,1,0.43,1,1,0.04,97,79,2,1,14,0,0,1,1,2,2,0
608,YOURI TIELEMANS,93,0,0,0,0.00,1,0,0.07,59,83,1,2,9,0,0,0,0,0,0,0
609,YOUSSEF,EN-NESYRI,326,2,1,1,0.34,0,0,0.02,44,61,1,0,11,1,1,0,0,2,6
610,YOUSSEF MSAKNI,170,9,2,0,0.54,4,0,0.58,59,71,1,0,9,2,0,1,0,3,7,57
611,YOUSSOUF FOFANA,111,1,0,0,0.04,1,0,0.10,66,88,2,1,10,1,0,1,0,2,0,0
612,YOUSSOUF SABALY,360,2,1,0,0.04,7,0,0.72,184,87,6,4,27,0,0,2,0,2,10,40
613,YOUSSOUFA MOUKOKO,1,0,0,0,0.00,0,0,0.00,1,100,0,0,1,0,0,0,0,0,0,0
614,YOUSTIN SALAS,46,0,0,0,0.00,0,0,0.00,15,73,1,0,5,0,0,0,0,0,2,50
615,YUKI SOMA,82,3,0,0,0.19,0,0,0.01,9,78,0,0,2,1,0,0,0,1,2,50
616,YUNUS MUSAH,345,4,1,0,0.31,3,0,0.20,171,87,6,2,23,1,0,1,0,2,12,33
617,YUTO NAGATOMO,211,0,0,0,0.00,1,0,0.05,82,74,2,0,11,0,0,1,0,1,4,75
618,ZAKARIA ABOUKHLAL,42,1,1,1,0.39,0,0,0.00,7,56,1,1,3,0,0,0,0,0,1,0
619,ÁLVARO MORATA,183,8,5,3,1.36,2,1,0.13,40,68,1,0,2,0,0,1,0,1,3,33
620,ÁLVARO ZAMORA,29,0,0,0,0.00,0,0,0.00,5,100,0,1,1,0,0,0,0,0,0,0
621,ÁNGEL DI MARÍA,218,4,2,0,0.14,6,1,0.45,100,85,1,0,4,1,0,1,0,2,20,45
622,ÉDER MILITÃO,243,2,1,0,0.07,1,0,0.04,176,91,3,1,18,0,0,0,0,0,0,0
623,ÉRICK GUTIÉRREZ,48,0,0,0,0.00,0,0,0.01,28,82,1,2,3,0,0,0,0,0,1,0
624,ÉVERTON RIBEIRO,35,0,0,0,0.00,2,0,0.10,16,88,0,0,0,0,0,1,0,1,1,0
625,ÓSCAR DUARTE,270,0,0,0,0.00,2,0,0.01,89,70,2,6,9,0,0,0,0,0,0,0
